boot22_id,bbwp_id,nr_mok,eco_id,summary,description,url,level,category,dairy,arable,vegetables_outdoor,bulbs,tree_nursery,sand,loess,clay,peat,psw_psg_low,psw_psg_medium,psw_psg_high,nsw_drains,nodrains,nsw_gwl_high,nsw_gwl_low,psw_noslope,psw_bulbs,ngw_grassland,effect_ngw,effect_psw,effect_nsw,effect_nue,effect_gw,effect_costs,b_lu_arable_er,b_lu_productive_er,b_lu_cultivated_er,er_climate,er_soil,er_water,er_landscape,er_biodiversity,er_euro_ha,er_euro_farm,bbwp_conflict,acc_anlb,acc_glmc,regio_factor,bodemkwaliteit,waterkwaliteit,klimaat,biodiversiteit,landschap,nc1,nc2,nc3,nc4,nc5,nc6,nc7,nc8,nc9,nc10,nc11,nc12,categories,hoge_gronden,flanken,beekdalen,lokale_laagtes,polders,effect_wb
,B100,,,Kies voor variatie in gewassen en rassen die meer resistent zijn tegen ziekten en plagen.,ntb,,farm,gewasbescherming,0,1,1,1,0,1,1,1,1,0,0,0,0,0,0,0,0,0,0,0,0,0,0,0,0,1,1,1,0,0,0,0,0,0,0,72,,,0,,,,,,1,1,1,1,1,1,1,1,1,1,1,1,gewasbescherming,0,0,0,0,0,0
,B114,,EG18,Chemievrij grasland,Chemievrij grasland: geen bestrijdingsmiddelen op gehele graslandareaal,https://www.puntensysteemecoregeling.nl/wp-content/uploads/2022/11/eco-activiteit-chemievrij-grasland.pdf,field,gewasbescherming,1,1,1,1,1,1,1,1,1,0,0,0,0,0,0,0,0,0,0,0,0,0,0,0,0,0,1,1,2,4,7,3,4,100,0,3,both score and reward,both score and reward,0,0,1,0,1,0,1,1,0,0,0,0,0,0,0,0,0,0,waterkwaliteit||biodiversiteit||gewasbescherming,0,0,0,0,0,0
,B115,,EG1A,"Beperking N-kunstmestgift op grasland tot 100 kg/ha (veen, zand en löss) resp. 180 kg/ha (klei)",Beperking van de stikstof-kunstmestgift (in kg/ha zuivere stikstof) op alle graslandhectares van het bedrijf,https://www.puntensysteemecoregeling.nl/wp-content/uploads/2022/11/eco-activiteit-beperking-N-kunstmestgift-grasland.pdf,farm,precisiebemesting,1,1,1,1,1,1,1,1,1,0,0,0,0,0,0,0,0,0,0,1.5,0,0.5,2,0,1,0,1,1,0,0,2,0,0,200,0,1,,,0,0,1,0,1,0,1,1,0,0,0,0,0,0,0,0,0,1,waterkwaliteit||biodiversiteit||precisiebemesting,0,0,0,0,0,0
,B116,,EG1B,"Beperking N-kunstmestgift op grasland tot 75 kg/ha (veen, zand en löss) resp. 150 kg/ha (klei)",Beperking van de stikstof-kunstmestgift (in kg/ha zuivere stikstof) op alle graslandhectares van het bedrijf,https://www.puntensysteemecoregeling.nl/wp-content/uploads/2022/11/eco-activiteit-beperking-N-kunstmestgift-grasland.pdf,farm,precisiebemesting,1,1,1,1,1,1,1,1,1,0,0,0,0,0,0,0,0,0,0,1.5,0,0.5,2,0,1,0,1,1,1,0,3,0,0,400,0,1,,,0,0,1,0,1,0,1,1,0,1,1,1,0,0,0,0,0,1,waterkwaliteit||biodiversiteit||precisiebemesting,0,0,0,0,0,0
,B117,,EG1C,"Beperking N-kunstmestgift  op grasland tot 50 kg/ha (veen, zand en löss) resp. 120 kg/ha (klei)",Beperking van de stikstof-kunstmestgift (in kg/ha zuivere stikstof) op alle graslandhectares van het bedrijf,https://www.puntensysteemecoregeling.nl/wp-content/uploads/2022/11/eco-activiteit-beperking-N-kunstmestgift-grasland.pdf,farm,precisiebemesting,1,1,1,1,1,1,1,1,1,0,0,0,0,0,0,0,0,0,0,1.75,0,0.75,2.5,0,1.5,0,1,1,1,0,4,0,1,600,0,1,,,0,0,1,0,1,0,1,1,1,1,1,1,1,0,1,0,0,1,waterkwaliteit||biodiversiteit||precisiebemesting,0,0,0,0,0,0
,B118,,EG1D,Beperking N-kunstmestgift  op grasland tot 0 kg/ha (alle grondsoorten),Beperking van de stikstof-kunstmestgift (in kg/ha zuivere stikstof) op alle graslandhectares van het bedrijf,https://www.puntensysteemecoregeling.nl/wp-content/uploads/2022/11/eco-activiteit-beperking-N-kunstmestgift-grasland.pdf,farm,precisiebemesting,1,1,1,1,1,1,1,1,1,0,0,0,0,0,0,0,0,0,0,1.75,0,0.75,2.5,0,1.5,0,1,1,3,0,5,0,2,900,0,1,,,0,0,1,0,1,0,1,1,0,0,0,0,0,0,0,0,0,0,waterkwaliteit||biodiversiteit||precisiebemesting,0,0,0,0,0,0
,B119,,EG2A,Aanleg van groeitrappen in het voorjaar. Start beweiding bij voldoende draagkracht en voor 10 april.,Aanleg van groeitrappen in het voorjaar. Start beweiding bij voldoende draagkracht en voor 10 april. Voorjaarssnede in minimaal 2 keer maaien met min. 1 week ertussen. Per maaibeurt moet minimaal 20% van de maaipercelen niet worden gemaaid.,https://www.puntensysteemecoregeling.nl/wp-content/uploads/2022/11/eco-activiteit-aanleg-van-groeitrappen-in-het-voorjaar.pdf,field,teeltmaatregel,1,0,0,0,0,1,1,1,1,0,0,0,0,0,0,0,0,0,0,0.5,0,0.5,0.5,0,1,0,1,1,0,0,0,2,4,50,0,2,,,0,0,0,0,1,0,1,1,0,0,0,0,0,0,0,0,0,0,biodiversiteit||teeltmaatregel,0,0,0,0,0,0.25
,B120,,EG2B,Aanleg groeitrappen in voorjaar. Start beweiding voor 10 april. Voorjaarssnede in minimaal 2 keer maaien. Minimaal 20% per maaibeurt laten staan.,Aanleg van groeitrappen in het voorjaar. Start beweiding bij voldoende draagkracht en voor 10 april. Voorjaarssnede in minimaal 2 keer maaien met min. 1 week ertussen. Per maaibeurt moet minimaal 20% van de maaipercelen niet worden gemaaid.,https://www.puntensysteemecoregeling.nl/wp-content/uploads/2022/11/eco-activiteit-aanleg-van-groeitrappen-in-het-voorjaar.pdf,field,teeltmaatregel,1,0,0,0,0,1,1,1,1,0,0,0,0,0,0,0,0,0,0,1,0.5,0.5,0.5,0,1,0,1,1,0,0,0,4,8,75,0,73,,,0,0,0,0,1,0,1,1,0,0,0,0,0,0,0,0,0,0,biodiversiteit||teeltmaatregel,0,0,0,0,0,0
,B121,,EG3A,"Beperking uitrijperiode kunstmest in het najaar: niet uitrijden na 15 aug. (veen, zand) resp. 1 september (klei).","Beperking uitrijperiode kunstmest in het najaar: niet uitrijden na 15 aug. (veen, zand) resp. 1 september (klei).",https://www.puntensysteemecoregeling.nl/wp-content/uploads/2022/11/eco-activiteit-beperking-uitrijperiode-kunstmest-in-het-najaar.pdf,field,precisiebemesting,1,0,0,0,0,1,1,1,1,0,0,0,0,0,0,0,0,0,0,1,0,0.5,1,0,1,0,1,1,0,0,5,0,0,50,0,3,,,0,0,1,0,0,0,1,1,0,0,0,0,0,0,0,0,0,1,waterkwaliteit||precisiebemesting,0,0,0,0,0,0
,B122,,EG3B,"Beperking uitrijperiode kunstmest in het najaar: niet uitrijden na 1 aug. (veen, zand) resp. 15 augustus (klei).","Beperking uitrijperiode kunstmest in het najaar: niet uitrijden na 1 aug. (veen, zand) resp. 15 augustus (klei).",https://www.puntensysteemecoregeling.nl/wp-content/uploads/2022/11/eco-activiteit-beperking-uitrijperiode-kunstmest-in-het-najaar.pdf,field,precisiebemesting,1,0,0,0,0,1,1,1,1,0,0,0,0,0,0,0,0,0,0,1,0,0.5,1,0,1,0,1,1,0,0,10,0,0,100,0,3,,,0,0,1,0,0,0,1,1,0,0,0,0,0,0,0,0,0,1,waterkwaliteit||precisiebemesting,0,0,0,0,0,0
,B123,,EG4,Geen bemesting van maïs op gescheurd grasland (kunstmest + dierlijke mest),Geen bemesting van maïs op gescheurd grasland (kunstmest + dierlijke mest),https://www.puntensysteemecoregeling.nl/wp-content/uploads/2022/11/eco-activiteit-geen-bemesting-van-mais-op-gescheurd-grasland.pdf,field,precisiebemesting,1,0,0,0,0,1,1,1,1,0,0,0,0,0,0,0,0,0,0,2,0.5,1,1,0,1.1,,1,1,0,5,10,0,0,550,0,4,,,0,1,1,0,0,0,0,0,0,0,0,0,0,0,1,0,0,0,bodemkwaliteit||waterkwaliteit||precisiebemesting,0,0,0,0,0,0
,B124,,EG5A,Beperken stikstof-bodemoverschot op bedrijfsniveau tot 170 kg/ha (klei) en 140 kg/ha (veen en zand),Beperken van het stikstof-bodemoverschot op bedrijfsniveau (oppervlakte grasland en voedergewassen),https://www.puntensysteemecoregeling.nl/wp-content/uploads/2022/11/eco-activiteit-beperken-N-bodemoverschot.pdf,farm,bedrijf,1,1,1,1,1,1,1,1,1,0,0,0,0,0,0,0,0,0,0.5,0.5,0,0.15,0.5,0,1,,1,1,1,1,2,0,0,0,400,5,,,0,0,1,0,0,0,1,1,0,0,0,0,0,0,0,0,0,1,waterkwaliteit||bedrijf,0,0,0,0,0,0
,B125,,EG5B,Beperken stikstof-bodemoverschot op bedrijfsniveau tot 130 kg/ha (klei) en 100 kg/ha (veen en zand),Beperken van het stikstof-bodemoverschot op bedrijfsniveau (oppervlakte grasland en voedergewassen),https://www.puntensysteemecoregeling.nl/wp-content/uploads/2022/11/eco-activiteit-beperken-N-bodemoverschot.pdf,farm,bedrijf,1,1,1,1,1,1,1,1,1,0,0,0,0,0,0,0,0,0,1,1,0,0.25,0.5,0,1.5,,1,1,2,2,3,0,0,0,800,5,,,0,0,1,0,0,0,1,1,0,0,0,0,0,0,0,0,0,1,waterkwaliteit||bedrijf,0,0,0,0,0,0
,B126,,EG5C,Beperken stikstof-bodemoverschot op bedrijfsniveau tot 100 kg/ha (klei) en 70 kg/ha (veen en zand),Beperken van het stikstof-bodemoverschot op bedrijfsniveau (oppervlakte grasland en voedergewassen),https://www.puntensysteemecoregeling.nl/wp-content/uploads/2022/11/eco-activiteit-beperken-N-bodemoverschot.pdf,farm,bedrijf,1,1,1,1,1,1,1,1,1,0,0,0,0,0,0,0,0,0,1.5,1,0,0.35,0.5,0,2,,1,1,3,3,4,0,0,0,1200,5,,,0,0,1,0,0,0,1,1,0,0,0,0,0,0,1,0,0,1,waterkwaliteit||bedrijf,0,0,0,0,0,0
,B127,,EG6A,"Minder eiwit voeren, ureumgetal lager dan 25","Minder eiwit voeren, afgemeten aan het jaargemiddelde van het ureumgetal van de melk (eco-activiteit op bedrijfsniveau), ureumgetal lager dan 25",https://www.puntensysteemecoregeling.nl/wp-content/uploads/2022/11/eco-activiteit-minder-eiwit-voeren.pdf,farm,bedrijf,1,0,0,0,0,1,1,1,1,0,0,0,0,0,0,0,0,0,0,0,0,0,0,0,0,,1,1,1,0,1,0,1,0,200,6,,,0,0,1,1,0,0,1,1,1,1,1,1,1,1,1,1,1,1,klimaat||waterkwaliteit||bedrijf,0,0,0,0,0,0
,B128,,EG6B,"Minder eiwit voeren, ureumgetal lager dan 23","Minder eiwit voeren, afgemeten aan het jaargemiddelde van het ureumgetal van de melk (eco-activiteit op bedrijfsniveau), ureumgetal lager dan 21",https://www.puntensysteemecoregeling.nl/wp-content/uploads/2022/11/eco-activiteit-minder-eiwit-voeren.pdf,farm,bedrijf,1,0,0,0,0,1,1,1,1,0,0,0,0,0,0,0,0,0,0,0,0,0,0,0,0,,1,1,2,0,2,0,1,0,400,6,,,0,0,1,1,0,0,1,1,1,1,1,1,1,1,1,1,1,1,klimaat||waterkwaliteit||bedrijf,0,0,0,0,0,0
,B129,,EG6C,"Minder eiwit voeren, ureumgetal lager dan 21","Minder eiwit voeren, afgemeten aan het jaargemiddelde van het ureumgetal van de melk (eco-activiteit op bedrijfsniveau), ureumgetal lager dan 21",https://www.puntensysteemecoregeling.nl/wp-content/uploads/2022/11/eco-activiteit-minder-eiwit-voeren.pdf,farm,bedrijf,1,0,0,0,0,1,1,1,1,0,0,0,0,0,0,0,0,0,0,0,0,0,0,0,0,,1,1,3,0,3,0,2,0,600,6,,,0,0,1,1,0,0,1,1,1,1,1,1,1,1,1,1,1,1,klimaat||waterkwaliteit||bedrijf,0,0,0,0,0,0
,B130,,EG6D,"Minder eiwit voeren, ureumgetal lager dan 19","Minder eiwit voeren, afgemeten aan het jaargemiddelde van het ureumgetal van de melk (eco-activiteit op bedrijfsniveau), ureumgetal lager dan 19",https://www.puntensysteemecoregeling.nl/wp-content/uploads/2022/11/eco-activiteit-minder-eiwit-voeren.pdf,farm,bedrijf,1,0,0,0,0,1,1,1,1,0,0,0,0,0,0,0,0,0,0,0,0,0,0,0,0,,1,1,4,0,4,0,2,0,800,6,,,0,0,1,1,0,0,1,1,1,1,1,1,1,1,1,1,1,1,klimaat||waterkwaliteit||bedrijf,0,0,0,0,0,0
,B133,,EG8A,Extra lang beweiden (rundvee) - 1.000 - 1.500 uur,Verlengde beweiding met rundvee,https://www.puntensysteemecoregeling.nl/wp-content/uploads/2022/11/eco-activiteit-extra-lang-beweiden.pdf,farm,bedrijf,1,0,0,0,0,1,1,1,1,0,0,0,0,0,0,0,0,0,0,0,0,0,0,0,0,1,1,1,5,0,7,3,0,50,0,8,,,0,0,1,1,0,0,1,1,1,1,1,1,1,1,1,1,1,1,klimaat||waterkwaliteit||bedrijf,0,0,0,0,0,0
,B134,,EG8B,Extra lang beweiden (rundvee) - 1.501 - 2.000 uur,Verlengde beweiding met rundvee,https://www.puntensysteemecoregeling.nl/wp-content/uploads/2022/11/eco-activiteit-extra-lang-beweiden.pdf,farm,bedrijf,1,0,0,0,0,1,1,1,1,0,0,0,0,0,0,0,0,0,0,0,0,0,0,0,0,1,1,1,7,0,8,3,0,65,0,8,,,0,0,1,1,0,0,1,1,1,1,1,1,1,1,1,1,1,1,klimaat||waterkwaliteit||bedrijf,0,0,0,0,0,0
,B135,,EG8C,Extra lang beweiden (rundvee) - 2.001 - 2.500 uur,Verlengde beweiding met rundvee,https://www.puntensysteemecoregeling.nl/wp-content/uploads/2022/11/eco-activiteit-extra-lang-beweiden.pdf,farm,bedrijf,1,0,0,0,0,1,1,1,1,0,0,0,0,0,0,0,0,0,0,0,0,0,0,0,0,1,1,1,8,0,9,4,0,85,0,8,,,0,0,1,1,0,0,1,1,1,1,1,1,1,1,1,1,1,1,klimaat||waterkwaliteit||bedrijf,0,0,0,0,0,0
,B136,,EG8D,Extra lang beweiden (rundvee) - meer dan 2.500 uur,Verlengde beweiding met rundvee,https://www.puntensysteemecoregeling.nl/wp-content/uploads/2022/11/eco-activiteit-extra-lang-beweiden.pdf,farm,bedrijf,1,0,0,0,0,1,1,1,1,0,0,0,0,0,0,0,0,0,0,0,0,0,0,0,0,1,1,1,10,0,10,4,0,100,0,8,,,0,0,1,1,0,0,1,1,1,1,1,1,1,1,1,1,1,1,klimaat||waterkwaliteit||bedrijf,0,0,0,0,0,0
,B137,,EG16A,Soortenrijk productiegrasland - gras-klavermengsel,Soortenrijk productiegrasland - gras-klavermengsel,https://www.puntensysteemecoregeling.nl/wp-content/uploads/2022/11/eco-activiteit-soortenrijk-productiegrasland.pdf,field,teeltmaatregel,1,0,0,0,0,1,1,1,1,0,0,0,0,0,0,0,0,0,0,0,0,0,0,0,0,0,1,1,8,0,8,2,2,200,0,9,score only,,0,0,1,1,0,0,1,1,0,0,0,0,0,0,0,0,0,0,klimaat||waterkwaliteit||teeltmaatregel,0,0,0,0,0,0
,B138,,EG16B,Soortenrijk productiegrasland - gras met minimaal 4 vlinderbloemigen,Soortenrijk productiegrasland - gras met minimaal 4 vlinderbloemigen,https://www.puntensysteemecoregeling.nl/wp-content/uploads/2022/11/eco-activiteit-soortenrijk-productiegrasland.pdf,field,teeltmaatregel,1,0,0,0,0,1,1,1,1,0,0,0,0,0,0,0,0,0,0,0,0,0,0,0,0,0,1,1,8,2,8,3,3,300,0,9,score only,,0,0,1,1,0,0,1,1,0,0,0,0,0,0,0,0,0,0,klimaat||waterkwaliteit||teeltmaatregel,0,0,0,0,0,0
,B140,,EG23A,Instandhouding microreliëf,Instandhouding microreliëf,https://www.puntensysteemecoregeling.nl/wp-content/uploads/2022/11/eco-activiteit-instandhouding-microrelief-grasland.pdf,field,teeltmaatregel,1,1,1,1,1,1,1,1,1,0,0,0,0,0,0,0,0,0,0,0,0,0,0,0,0,0,0,0,2,4,2,4,3,125,0,12,,,0,1,0,0,0,1,1,1,1,0,1,1,1,1,1,1,1,1,bodemkwaliteit||landschap||teeltmaatregel,0,0,0,0,0,0
,B141,,EG23B,"Instandhouding microreliëf + instandhouding kavel- en perceelstructuur, bodemstructuur, bodemprofiel en sloot- en greppelpatroon.","Instandhouding microreliëf + instandhouding kavel- en perceelstructuur, bodemstructuur, bodemprofiel en sloot- en greppelpatroon.",https://www.puntensysteemecoregeling.nl/wp-content/uploads/2022/11/eco-activiteit-instandhouding-microrelief-grasland.pdf,field,teeltmaatregel,1,1,1,1,1,1,1,1,1,0,0,0,0,0,0,0,0,0,0,0,0,0,0,0,0,0,0,0,2,5,2,6,5,250,0,12,,,0,1,0,0,0,1,1,1,1,0,1,1,1,1,1,1,1,1,bodemkwaliteit||landschap||teeltmaatregel,0,0,0,0,0,0
,B143,,EB2,Teelt van eiwitgewassen,Teelt van eiwithoudende/stikstofbindende gewassen als hoofdteelt,https://www.puntensysteemecoregeling.nl/wp-content/uploads/2022/11/eco-activiteit-teelt-van-eiwitgewassen.pdf,field,teeltmaatregel,1,1,1,1,1,1,1,1,1,0,0,0,0,0,0,0,0,0,0,0,0,0,0,0,0,1,1,1,8,5,0,2,3,2150,0,13,score only,score only,1,1,0,1,0,0,0,0,1,0,0,0,0,0,0,0,1,1,klimaat||bodemkwaliteit||teeltmaatregel,0,0,0,0,0,0
,B144,,EB3,Teelt van meerjarige gewassen,Teelt van meerjarige gewassen,https://www.puntensysteemecoregeling.nl/wp-content/uploads/2022/11/eco-activiteit-teelt-van-meerjarige-gewassen.pdf,field,teeltmaatregel,1,1,1,1,1,1,1,1,1,0,0,0,0,0,0,0,0,0,0,0,0,0,0,0,0,1,1,1,10,10,10,3,2,456,0,13,score only,both score and reward,1,1,0,1,0,0,0,0,0,0,0,0,1,0,0,0,0,0,klimaat||bodemkwaliteit||teeltmaatregel,0,0,0,0,0,0
,B145,,EB4A,Strokenteelt - stroken van 3 - 12 meter breed,Strokenteelt - stroken van 3 - 12 meter breed,https://www.puntensysteemecoregeling.nl/wp-content/uploads/2022/11/eco-activiteit-strokenteelt.pdf,field,teeltmaatregel,1,1,1,1,1,1,1,1,1,0,0,0,0,0,0,0,0,0,0,0,0,0,0,0,0,,1,1,0,5,5,10,10,216,0,14,score only,both score and reward,0,0,0,0,1,1,0,1,1,1,1,0,0,0,1,0,1,1,biodiversiteit||landschap||teeltmaatregel,0,0,0,0,0,0
,B146,,EB4B,Strokenteelt - stroken van 12 - 24 meter breed,Strokenteelt - stroken van 12 - 24 meter breed,https://www.puntensysteemecoregeling.nl/wp-content/uploads/2022/11/eco-activiteit-strokenteelt.pdf,field,teeltmaatregel,1,1,1,1,1,1,1,1,1,0,0,0,0,0,0,0,0,0,0,0,0,0,0,0,0,,1,1,0,5,5,5,5,216,0,14,score only,both score and reward,0,0,0,0,1,1,0,1,1,1,1,0,0,0,1,0,1,1,biodiversiteit||landschap||teeltmaatregel,0,0,0,0,0,0
,B150,,EB16A,Kruidenrijke bufferzone - inzaai met een gras-kruidenmengsel,"Kruidenrijke, chemievrije bufferzone langs waterlopen en elementen met een andere functie (bermen, natuur- en landschapselementen)",https://www.puntensysteemecoregeling.nl/wp-content/uploads/2022/11/eco-activiteit-kruidenrijke-bufferzone.pdf,field,slootkantbeheer,1,1,1,1,1,1,1,1,1,0.05,0.35,0.85,-0.15,0,0,0,0,0,0,0,1,0.25,0.67,0,1,1,1,1,3,3,15,4,15,980,0,16,score only,none,1,0,1,0,1,0,0,0,1,1,1,1,1,0,1,1,1,1,waterkwaliteit||biodiversiteit||slootkantbeheer,0,0,0,0,0,0.08
,B151,,EB16B,Kruidenrijke bufferzone - inzaai met een bloemrijk mengsel,"Kruidenrijke, chemievrije bufferzone langs waterlopen en elementen met een andere functie (bermen, natuur- en landschapselementen)",https://www.puntensysteemecoregeling.nl/wp-content/uploads/2022/11/eco-activiteit-kruidenrijke-bufferzone.pdf,field,slootkantbeheer,1,1,1,1,1,1,1,1,1,0.05,0.35,0.85,-0.15,0,0,0,0,0,0,0,1,0.25,0.67,0,1,1,1,1,3,3,15,7,20,1100,0,16,score only,none,1,0,1,0,1,0,0,0,1,1,1,1,1,0,1,1,1,1,waterkwaliteit||biodiversiteit||slootkantbeheer,0,0,0,0,0,0.08
,B152,,EB20,Teelt van dun gezaaid vogelgraan,Teelt van dun gezaaid vogelgraan,https://www.puntensysteemecoregeling.nl/wp-content/uploads/2022/11/eco-activiteit-teelt-van-dun-gezaaid-vogelgraan.pdf,field,teeltmaatregel,1,1,1,1,1,1,1,1,1,0,0,0,0,0,0,0,0,0,0,0,0,0,0,0,0,1,1,1,0,3,5,2,20,1340,0,13,score only,,1,0,0,0,1,0,0,0,1,0,0,0,0,0,0,0,0,0,biodiversiteit||teeltmaatregel,0,0,0,0,0,0
,B153,,EB21,Gebruik van de arenstripper,Gebruik van de arenstripper,https://www.puntensysteemecoregeling.nl/wp-content/uploads/2022/11/eco-activiteit-gebruik-van-de-arenstripper.pdf,field,teeltmaatregel,1,1,1,1,1,1,1,1,1,0,0,0,0,0,0,0,0,0,0,0,0,0,0,0,0,1,1,1,0,0,0,5,15,340,0,13,,,0,0,0,0,1,0,0,0,1,0,0,0,0,0,0,0,0,0,biodiversiteit||teeltmaatregel,0,0,0,0,0,0
,B154,,EG22,Instandhouding kleinschalig landschap,Instandhouding kleinschalig landschap,https://www.puntensysteemecoregeling.nl/wp-content/uploads/2022/11/eco-activiteit-instandhouding-kleinschalig-landschap.pdf,field,teeltmaatregel,1,1,1,1,1,1,1,1,1,0,0.05,0.25,0,0,0,0,0,0,0,0,0.125,0,0.3,0,0.5,,0,0,0,0,0,20,20,300,0,76,,,0,0,0,0,1,1,1,1,1,1,1,1,1,0,1,1,1,1,biodiversiteit||landschap||teeltmaatregel,0,0,0,0,0,0.08
,B155,,EG11A,Gebruik van gescheiden mestfracties,Er zijn drie prestatieniveaus. A: 10-25% van de bedrijfsoppervlakte B: 25-50% van de bedrijfsoppervlakte en C: Meer dan 50% van de bedrijfsoppervlakte.,https://www.puntensysteemecoregeling.nl/wp-content/uploads/2022/11/eco-activiteit-gebruik-van-gescheiden-mestfracties.pdf,field,bodemverbetering,1,1,1,1,1,1,1,1,1,0,0,0,0,0,0,0,0,0,0,1,0,0.5,1,0,1,,1,1,0,10,5,0,5,115,0,16,score only,,0,1,0,0,1,0,1,1,1,1,1,1,1,0,1,0,0,1,bodemkwaliteit||biodiversiteit||bodemverbetering,0,0,0,0,0,0
,B156,,EG12A,Beperk uitstoot van broeikasgassen tot 19.000 - 22.000 kg/ha (klei en zand) resp. 25.000 - 28.000 kg /ha (veen),Beperken van de uitstoot van broeikasgassen (in kg CO2-equivalenten per hectare voedergewassen),https://www.puntensysteemecoregeling.nl/wp-content/uploads/2022/11/eco-activiteit-beperken-uitstoot-broeikasgassen.pdf,farm,bedrijf,1,1,1,1,1,1,1,1,1,0,0,0,0,0,0,0,0,0,0,0,0,0,0,0,0,,1,1,150,30,20,0,0,0,5000,17,,,0,0,0,1,0,0,1,1,1,1,1,1,1,1,1,1,1,1,klimaat||bedrijf,0,0,0,0,0,0
,B157,,EG12B,Beperk uitstoot van broeikasgassen tot minder dan 19.000 kg/ha (klei en zand) resp. 25.000 kg/ha (veen).,Beperken van de uitstoot van broeikasgassen (in kg CO2-equivalenten per hectare voedergewassen),https://www.puntensysteemecoregeling.nl/wp-content/uploads/2022/11/eco-activiteit-beperken-uitstoot-broeikasgassen.pdf,farm,bedrijf,1,1,1,1,1,1,1,1,1,0,0,0,0,0,0,0,0,0,0,0,0,0,0,0,0,,1,1,220,50,30,0,0,0,7500,17,,,0,0,0,1,0,0,1,1,1,1,1,1,1,1,1,1,1,1,klimaat||bedrijf,0,0,0,0,0,0
,B158,,EB9,Teelt van gewassen met een gunstige wortel-spruitverhouding,Teelt van gewassen met een gunstige wortel-spruitverhouding,https://www.puntensysteemecoregeling.nl/wp-content/uploads/2022/11/eco-activiteit-teelt-van-gewassen-met-een-gunstige-wortel-spruitverhouding.pdf,field,teeltmaatregel,1,1,1,1,1,1,1,1,1,0,0,0,0,0,0,0,0,0,0.5,1,0,0.75,1.5,0,1,1,1,1,5,4,1,0,0,200,0,13,score only,both score and reward,1,1,0,1,0,0,0,0,1,0,0,0,0,0,0,0,1,1,klimaat||bodemkwaliteit||teeltmaatregel,0,0,0,0,0,1.5
,B159,,EB14A,"Er is sprake van een positieve OS-balans op bedrijfsniveau (1,1 - 1,5 kg EOS per ha per jaar)","Er is sprake van een positieve OS-balans op bedrijfsniveau (1,1 - 1,5 kg EOS per ha per jaar)",https://www.puntensysteemecoregeling.nl/wp-content/uploads/2022/11/eco-activiteit-score-organische-stofbalans.pdf,farm,bedrijf,1,1,1,1,1,1,1,1,1,0,0,0,0,0,0,0,0,0,0,0,0,0,0,0,0,,1,1,50,50,25,0,25,0,2000,18,,,0,1,0,1,0,0,1,1,1,1,1,1,1,1,1,1,1,1,klimaat||bodemkwaliteit||bedrijf,0,0,0,0,0,0
,B160,,EB14B,"Er is sprake van een positieve OS-balans op bedrijfsniveau (1,5 - 2,0 kg EOS per ha per jaar)","Er is sprake van een positieve OS-balans op bedrijfsniveau (1,5 - 2,0 kg EOS per ha per jaar)",https://www.puntensysteemecoregeling.nl/wp-content/uploads/2022/11/eco-activiteit-score-organische-stofbalans.pdf,farm,bedrijf,1,1,1,1,1,1,1,1,1,0,0,0,0,0,0,0,0,0,0,0,0,0,0,0,0,,1,1,75,75,50,0,50,0,2500,18,,,0,1,0,1,0,0,1,1,1,1,1,1,1,1,1,1,1,1,klimaat||bodemkwaliteit||bedrijf,0,0,0,0,0,0
,B161,,EB14C,Er is sprake van een positieve OS-balans op bedrijfsniveau (>2 kg EOS per ha per jaar),Er is sprake van een positieve OS-balans op bedrijfsniveau (>2 kg EOS per ha per jaar),https://www.puntensysteemecoregeling.nl/wp-content/uploads/2022/11/eco-activiteit-score-organische-stofbalans.pdf,farm,bedrijf,1,1,1,1,1,1,1,1,1,0,0,0,0,0,0,0,0,0,0,0,0,0,0,0,0,,1,1,100,100,75,0,75,0,3000,18,,,0,1,0,1,0,0,1,1,1,1,1,1,1,1,1,1,1,1,klimaat||bodemkwaliteit||bedrijf,0,0,0,0,0,0
,B162,,EG15,Kruidenrijke bufferstrook langs grasland,Kruidenrijke bufferstrook langs grasland,https://www.puntensysteemecoregeling.nl/wp-content/uploads/2022/11/eco-activiteit-kruidenrijke-bufferstrook-langs-grasland.pdf,field,slootkantbeheer,1,1,1,1,1,1,1,1,1,0.05,0.35,0.85,-0.15,0,0,0,0,0,0,0,1,0.25,0.67,0,1,0,1,1,0,0,20,15,15,548,0,16,score only,,0,0,0,0,1,1,1,1,0,0,0,0,0,0,0,1,1,0,biodiversiteit||landschap||slootkantbeheer,0,0,0,0,0,0.08
,B166,G45,EG10B,"Gebruik van ruige mest, compost etc. aangevoerd van elders","Gebruik van ruige mest, compost etc. aangevoerd van elders",https://www.puntensysteemecoregeling.nl/wp-content/uploads/2022/11/eco-activiteit-gebruik-van-ruige-mest-compost-etc.pdf,field,bodemverbetering,1,1,1,1,1,1,1,1,1,0,0.25,0.75,0,0,0,0,0,0,0,0.5,0,0.25,1,0.5,1,,1,1,0,12,7,0,6,75,0,35,score only,,0,1,0,0,1,0,1,1,1,1,1,1,1,0,1,0,0,1,bodemkwaliteit||biodiversiteit||bodemverbetering,1,1,1,1,1,0.83
,B169,,EB23A,Aanleg van FAB-stroken langs een waterloop,Aanleg van FAB-stroken langs een waterloop,https://www.puntensysteemecoregeling.nl/wp-content/uploads/2022/11/eco-activiteit-aanleg-van-FAB-stroken.pdf,field,slootkantbeheer,1,1,1,1,1,1,1,1,1,0.05,0.25,0.75,-0.15,0,0,0,0,0,0,0,0.25,0,0.67,0,1,1,1,1,5,5,15,10,15,2000,0,16,score only,score only,1,0,1,0,1,0,0,1,1,1,1,1,1,0,1,1,1,1,waterkwaliteit||biodiversiteit||slootkantbeheer,0,0,0,0,0,0.08
,B170,,EB23B,Aanleg van FAB-strook midden in een perceel,Aanleg van FAB-strook midden in een perceel,https://www.puntensysteemecoregeling.nl/wp-content/uploads/2022/11/eco-activiteit-aanleg-van-FAB-stroken.pdf,field,slootkantbeheer,1,1,1,1,1,1,1,1,1,0,0,0,0,0,0,0,0,0,0,0,0,0,0,0,0,1,1,1,5,5,15,10,15,3500,0,16,score only,score only,1,0,1,0,1,0,0,1,1,1,1,1,1,0,1,1,1,1,waterkwaliteit||biodiversiteit||slootkantbeheer,0,0,0,0,0,0
,B171,,EG20A,"Aandeel niet-productieve oppervlakte - de houtopstanden heg, haag, struweel","Aandeel niet-productieve oppervlakte - de houtopstanden heg, haag, struweel",https://www.puntensysteemecoregeling.nl/wp-content/uploads/2022/11/eco-activiteit-niet-productieve-oppervlakte.pdf,field,niet_productief,1,1,1,1,1,1,1,1,1,0,0,0,0,0,0,0,0,0,0,0,0,0,0,0,0,,0,0,5,0,5,10,10,4016,0,10,score only,both score and reward,0,0,0,0,1,1,1,1,1,1,1,1,1,1,1,1,1,1,biodiversiteit||landschap||niet_productief,0,0,0,0,0,0
,B172,,EG20B,Aandeel niet-productieve oppervlakte - overige houtige landschapselementen,Aandeel niet-productieve oppervlakte - overige houtige landschapselementen,https://www.puntensysteemecoregeling.nl/wp-content/uploads/2022/11/eco-activiteit-niet-productieve-oppervlakte.pdf,field,niet_productief,1,1,1,1,1,1,1,1,1,0,0,0,0,0,0,0,0,0,0,0,0,0,0,0,0,,0,0,5,0,5,10,10,1550,0,10,score only,both score and reward,0,0,0,0,1,1,1,1,1,1,1,1,1,1,1,1,1,1,biodiversiteit||landschap||niet_productief,0,0,0,0,0,0
,B173,,EG20C,Aandeel niet-productieve oppervlakte - groene braak,Volvelds of randen,https://www.puntensysteemecoregeling.nl/wp-content/uploads/2022/11/eco-activiteit-niet-productieve-oppervlakte.pdf,field,niet_productief,1,1,1,1,1,1,1,1,1,0,0,0,0,0,0,0,0,0,0,0,0,0,0,0,0,,0,1,5,0,5,10,10,3400,0,10,score only,both score and reward,1,0,0,0,1,1,1,1,1,1,1,1,1,1,1,1,1,1,biodiversiteit||landschap||niet_productief,0,0,0,0,0,0
,B174,,EG20D,Aandeel niet-productieve oppervlakte - kruidenrijke bufferstrook langs bouwland,Een strook grond (bufferstrook) tussen een landbouwperceel en het daarnaast gelegen oppervlaktewater om het water te beschermen tegen meststoffen en gewasbeschermingsmiddelen.,https://www.puntensysteemecoregeling.nl/wp-content/uploads/2022/11/eco-activiteit-niet-productieve-oppervlakte.pdf,field,niet_productief,1,1,1,1,1,1,1,1,1,0.05,0.25,0.75,-0.15,0,0,0,0,0,0,0,1,0,0.67,0,1,,0,1,5,0,5,10,10,979,0,10,score only,both score and reward,1,0,0,0,1,1,0,0,1,1,1,1,1,1,1,1,1,1,biodiversiteit||landschap||niet_productief,0,0,0,0,0,0.08
,B175,,EG20E,"Aandeel niet-productieve oppervlakte - beheerde akkerrand, keverbank, etc.","Aandeel niet-productieve oppervlakte - beheerde akkerrand, keverbank, etc.",https://www.puntensysteemecoregeling.nl/wp-content/uploads/2022/11/eco-activiteit-niet-productieve-oppervlakte.pdf,field,niet_productief,1,1,1,1,1,1,1,1,1,0,0,0,0,0,0,0,0,0,0,0,0,0,0,0,0,,0,1,5,0,5,10,10,3321,0,10,score only,both score and reward,1,0,0,0,1,1,1,1,1,1,1,1,1,1,1,1,1,1,biodiversiteit||landschap||niet_productief,0,0,0,0,0,0
,B176,,EG20F,"Aandeel niet-productieve oppervlakte - poelen, rietlanden/rietkragen en natuurvriendelijke oevers","Water- en moeraselementen zoals poelen, rietlanden/rietkragen en natuurvriendelijke oevers.",https://www.puntensysteemecoregeling.nl/wp-content/uploads/2022/11/eco-activiteit-niet-productieve-oppervlakte.pdf,field,niet_productief,1,1,1,1,1,1,1,1,1,0,0,0,0,0,0,0,0,0,0,0,0,0,0,0,0,,0,0,5,0,5,10,10,804,0,10,score only,both score and reward,0,0,0,0,1,1,1,1,1,1,1,1,1,1,1,1,1,1,biodiversiteit||landschap||niet_productief,0,0,0,0,0,0
,B189,,EB10A,"Gewasdiversiteit (index) - (0,05 - 0,07)",Gewasdiversiteit: aantal gewassen gedeeld door bouwlandareaal,https://www.puntensysteemecoregeling.nl/wp-content/uploads/2022/11/eco-activiteit-gewasdiversiteit-index.pdf,farm,teeltmaatregel,1,1,1,1,1,1,1,1,1,0,0,0,0,0,0,0,0,0,0,0,0,0,0,0,0,1,1,1,0,25,25,50,50,0,1000,71,,,0,0,0,0,1,1,1,1,1,1,1,1,1,0,1,1,1,1,biodiversiteit||landschap||teeltmaatregel,0,0,0,0,0,0
,B190,,EB10B,"Gewasdiversiteit (index) - (0,07 - 0,10)",Gewasdiversiteit: aantal gewassen gedeeld door bouwlandareaal,https://www.puntensysteemecoregeling.nl/wp-content/uploads/2022/11/eco-activiteit-gewasdiversiteit-index.pdf,farm,teeltmaatregel,1,1,1,1,1,1,1,1,1,0,0,0,0,0,0,0,0,0,0,0,0,0,0,0,0,1,1,1,0,35,35,60,70,0,2000,71,,,0,0,0,0,1,1,1,1,1,1,1,1,1,0,1,1,1,1,biodiversiteit||landschap||teeltmaatregel,0,0,0,0,0,0
,B191,,EB10C,"Gewasdiversiteit (index) - (>  0,10)",Gewasdiversiteit: aantal gewassen gedeeld door bouwlandareaal,https://www.puntensysteemecoregeling.nl/wp-content/uploads/2022/11/eco-activiteit-gewasdiversiteit-index.pdf,farm,teeltmaatregel,1,1,1,1,1,1,1,1,1,0,0,0,0,0,0,0,0,0,0,0,0,0,0,0,0,1,1,1,0,45,45,70,90,0,3000,71,,,0,0,0,0,1,1,1,1,1,1,1,1,1,0,1,1,1,1,biodiversiteit||landschap||teeltmaatregel,0,0,0,0,0,0
,BWP13,,,Accepteren van hogere stuwpeilen in de categorie A oppervlaktewaterlichamen,Het accepcteren van een hogere slootwaterstand heeft een positief effect op de grondwaterstand in de omgeving en er blijft meer water in het gebied.,https://storage.googleapis.com/bbwp-maatregelen/Maatregel_BWP13.pdf,field,watervasthouden,1,1,1,1,1,1,1,1,0,0,0,0,0,0,0,0,0,0,0,0.5,-0.5,0,0.33,2.94,0,1,1,1,0,0,0,0,0,0,0,19,,,0,,,,,,1,1,1,1,1,1,1,1,1,0,1,1,drainage,1,1,1,1,1,1
,BWP5,,,Afkoppelen en infiltreren schoon hemelwater,Hemelwater wordt niet direct afgevoerd op een leggerwatergang.,https://storage.googleapis.com/bbwp-maatregelen/Maatregel_BWP5.pdf,farm,erf,1,1,1,1,1,1,1,1,1,0,0,0,0,0,0,0,0,0,0,1,1,1,1,1.56,1,1,1,1,0,0,0,0,0,0,0,20,,,0,,,,,,1,1,1,1,1,1,1,1,1,1,1,1,erf,1,1,0.7,0.7,0.7,1
,BWP7,,,Verhogen van het watervasthoudend vermogen van de bodem,"Organische stof heeft een positieve invloed op het bodemleven, de levering van nutrienten, de bodemstructuur en de vochtlevering.",https://storage.googleapis.com/bbwp-maatregelen/Maatregel_BWP7.pdf,field,watervasthouden,1,1,1,1,1,1,1,1,0,0,0,0,0,0,0,0,0,0,0,1,0.5,0.5,1,0.38,0.5,1,1,1,0,0,0,0,0,0,0,21,,,0,,,,,,0,0,1,1,1,1,1,0,1,0,1,1,watervasthouden,1,1,1,1,1,1.33
,E2,,,Gebruik groene erfwaterzuivering,"Regenwater dat over het erf stroomt kan hoge concentraties organische stof en nutrienten bevatten. Door langs het erf en koepaden groene stroken met gras te houden kan het water infiltreren. Een andere optie is de analeg van een moerasbufferstrook, met bijvoorbeeld riet. Dit voorkomt dat nutrienten gemakkelijk in de sloot terecht komen.",,farm,erf,1,1,1,1,1,1,1,1,1,0.5,0.5,0.5,0,0,0,0,0,1,1,0,0.5,0.5,0,0,0.5,1,1,1,0,0,0,0,0,0,0,24,,,0,,,,,,1,1,1,1,1,1,1,1,1,1,1,1,erf,0,0,0,0,0,0
,E3,,,Houd erf bezemschoon,Bij de activiteiten op het erf en transport van producten op het erf kan het erf verontreinigd raken. U moet ervoor zorgen dat het erf altijd zo schoon mogelijk blijft of met enige regelmaat wordt schoongemaakt. Dit kan met behulp van een veegmachine met opvangbak.,,farm,erf,1,1,1,1,1,1,1,1,1,0.5,0.5,0.5,0,0,0,0,0,1,1,0,0.5,0.5,0,0,0.5,1,1,1,0,0,0,0,0,0,0,25,,,0,,,,,,1,1,1,1,1,1,1,1,1,1,1,1,erf,0,0,0,0,0,0
,E4,,,Houd koepad schoon,U moet ervoor zorgen dat het koepad altijd zo schoon mogelijk blijft of met enige regelmaat wordt schoongemaakt om zo te voorkomen dat aanwezige mest tijdens een regenbui naar de sloot zal afspoelen. Dit kan met behulp van een veegmachine met opvangbak.,,farm,erf,1,0,0,0,0,1,1,1,1,0.5,0.5,0.5,0,0,0,0,0,1,1,0,0.5,0.5,0,0,0.5,1,1,1,0,0,0,0,0,0,0,26,,,0,,,,,,1,1,1,1,1,1,1,1,1,1,1,1,erf,0,0,0,0,0,0
,E5,,,Gebruik afvoer- en bezinkgoten om regenwater op daken af te voeren,"Regenwater dat van daken rechtstreeks op het erf komt, zorgt voor veel afspoeling van mest en gewasresten richting de sloot. Door het water via goten op te vangen, en af te voeren naar het riool of een groene waterzuivering voorkom je veel verliezen richting de sloot.",,farm,erf,1,1,1,1,1,1,1,1,1,0.5,0.5,0.5,0,0,0,0,0,1,1,0,0.5,0.5,0,0,0.5,1,1,1,0,0,0,0,0,0,0,27,,,0,,,,,,1,1,1,1,1,1,1,1,1,1,1,1,erf,0,0,0,0,0,0
,E6,,,Plaats kalverhokjes onder een afdak,Door kalverhokjes onder een afdak te plaatsen is er vrijwel geen risico dat er via regen veel nutrienten wegspoelen naar de sloot,,farm,erf,1,0,0,0,0,1,1,1,1,0.5,0.5,0.5,0,0,0,0,0,1,1,0,0.5,0.5,0,0,0.5,1,1,1,0,0,0,0,0,0,0,28,,,0,,,,,,1,1,1,1,1,1,1,1,1,1,1,1,erf,0,0,0,0,0,0
,E7,,,Koepad verleggen op afschot richting land,U zorgt er zo voor dat mest of mestvocht richting het land afspoelen en via de bodem natuurlijk wordt gezuiverd en niet ongewenst direct op het oppervlaktewater of schoonwaterriool afspoelen.,,farm,erf,1,0,0,0,0,1,1,1,1,0.5,0.5,0.5,0,0,0,0,0,1,1,0,0.5,0.5,0,0,0.5,1,1,1,0,0,0,0,0,0,0,29,,,0,,,,,,1,1,1,1,1,1,1,1,1,1,1,1,erf,0,0,0,0,0,0
,E8,,,Aanleg opvangsysteem of duo systemen,"U moet altijd voorkomen dat pers- of mestvocht kan leiden tot een lozing in de bodem, naar het oppervlaktewater of in een schoonwaterriool. Door het aanleggen van een opvangvoorziening voor perssapen, percolaat en mestvocht voorkomt u deze lozing. Een duosysteem scheidt perssap en regenwater van elkaar ter voorkoming van de extra lozing van perssappen uit voerkuilen.",,farm,erf,1,1,1,1,1,1,1,1,1,0.5,0.5,0.5,0,0,0,0,0,1,1,0,0.5,0.5,0,0,0.5,1,1,1,0,0,0,0,0,0,0,23,,,0,,,,,,1,1,1,1,1,1,1,1,1,1,1,1,erf,0,0,0,0,0,0
,G11bBWP3,G10,,Vervang bestaande drainage met regelbare/ peilgestuurde drainage,Door de peilhoogte te variëren kan de intensiteit van de drainage worden ingesteld. In droge perioden wordt water vastgehouden,,field,slootkantbeheer,1,1,1,1,1,1,0,1,0,0,0,0,0,1,0,0,0,0,0,0.5,0.5,1,0.67,1,2,1,1,1,0,0,0,0,0,0,0,50,,,0,,,,,,1,1,1,1,1,1,1,0,1,0,1,1,slootkantbeheer,1,1,1,1,1,1.33
,G12BWP12,G11,,"Zuinig beregenen door m.b.v. vochtsensoren, zoals tensiometers.",Met tensiometers informatie verzamelen over het bodembocht op verschillende dieptes in de wortelzone. Pas bij het bereiken van een bepaalde bodemvochtwaarde is beregening noodzakelijk.,https://storage.googleapis.com/bbwp-maatregelen/Maatregel_G12WP12.pdf,field,watervasthouden,1,1,1,1,1,1,1,1,0,0,0,0,0,0,0,0,0,0,0,1,0.25,0.5,0.67,0.38,1,1,1,1,0,0,0,0,0,0,0,58,,,0,,,,,,1,1,1,1,1,1,1,0,1,0,0,1,irrigatie,1,1,1,1,1,1.33
,G14,G12,,Droge bufferstroken (< 3m),Een strook grond (bufferstrook) tussen een landbouwperceel en het daarnaast gelegen oppervlaktewater om het water te beschermen tegen meststoffen en gewasbeschermingsmiddelen.,https://storage.googleapis.com/bbwp-maatregelen/Maatregel_G14.pdf,field,slootkantbeheer,1,1,1,1,1,1,1,1,1,0,0.5,1,-0.75,0,0,0,0,0,0,0,1,1,0.67,0,1,1,0,0,0,0,0,0,0,0,0,16,,,0,,,,,,1,1,1,1,1,1,1,1,1,1,1,1,slootkantbeheer,0,0,0,0,0,0.08
,G14B,,,Droge bufferstroken (> 3m),Een strook grond (bufferstrook) tussen een landbouwperceel en het daarnaast gelegen oppervlaktewater om het water te beschermen tegen meststoffen en gewasbeschermingsmiddelen.,https://storage.googleapis.com/bbwp-maatregelen/Maatregel_G14.pdf,field,slootkantbeheer,1,1,1,1,1,1,1,1,1,0,0.75,1.75,-1.5,0,0,0,0,0,0,0,2,1,0.67,0,1,1,0,0,0,0,0,0,0,0,0,16,,,0,,,,,,1,1,1,1,1,1,1,1,1,1,1,1,slootkantbeheer,0,0,0,0,0,0.08
,G16,G14,,Natte bufferstroken (< 3m),Een strook grond (bufferstrook) tussen een landbouwperceel en het daarnaast gelegen oppervlaktewater om het water te beschermen tegen meststoffen en gewasbeschermingsmiddelen.,https://storage.googleapis.com/bbwp-maatregelen/Maatregel_G16.pdf,field,slootkantbeheer,1,1,1,1,1,1,1,1,1,0,0.5,1,0,0,1,0,0,0,0,0,1,1.5,0.17,0,2,1,0,0,0,0,0,0,0,0,0,16,,,0,,,,,,1,1,1,1,1,1,1,1,1,1,1,1,slootkantbeheer,0,0,0,0,0,0.58
,G22,G20,,"Organisch bemesting als bodemtemperatuur tenminste 8 oC is, doch uiterlijk 15 maart",Het optimaal bemesten van gewassen door de mestgift zodanig te regelen dat op ieder tijdstip de gewenste hoeveelheid meststoffen voor het gewas beschikbaar is.,https://storage.googleapis.com/bbwp-maatregelen/Maatregel_G22.pdf,field,precisiebemesting,0,1,1,1,1,1,1,1,1,0,0,0,0,0,0,0,0,0,0.5,1,0.5,0.5,0.42,0,1,1,1,1,0,0,0,0,0,0,0,61,,,0,,,,,,1,1,1,1,1,1,1,0,1,0,0,1,precisiebemesting,0,0,0,0,0,0
,G33,G26,,Gewassen telen (met negatief P-overschot) voor verlagen fosfaat op percelen met een hoge fosfaattoestand,Bij bodems met een hoge P-beschikbaarheid is fosfaatbemesting niet nodig. In die situatie is het mogelijk om de P-toestand van de bodem te verlagen door gewassen te kiezen die veel fosfaat opnemen. Dit verlaagt in potentie de P-verliezen naar het watersysteem. Effecten op gewasopbrengst zijn beperkt.,https://storage.googleapis.com/bbwp-maatregelen/Maatregel_G33.pdf,field,precisiebemesting,1,1,1,0,0,1,1,1,0,0,0,0,0,0,0,0,0,0,0,0,1.5,0,0,0,1,1,1,1,0,0,0,0,0,0,0,66,,,0,,,,,,1,1,1,1,1,1,0,0,1,0,0,1,precisiebemesting,0,0,0,0,0,0
,G4,G3,,Drinkbakken plaatsen midden in perceel,"Het gebruik van drinkbakken bevordert dat urineplekken midden op het perceel aanwezig zijn en beperkt oeverafkalving, met name in veengronden. Dit heeft positieve effecten voor de waterkwaliteit",https://storage.googleapis.com/bbwp-maatregelen/Maatregel_G4.pdf,field,slootkantbeheer,1,0,0,0,0,1,1,1,1,0,0,0,0,0,0,0,0,0,0,0,1,0.5,0.25,0,1,1,1,1,0,0,0,0,0,0,0,49,,,0,,,,,,1,1,0,0,0,0,0,0,0,0,0,0,slootkantbeheer,0,0,0,0,0,0
,G46,G33,,Plant mais in ruitverband,Mais in ruitverband telen kan mogelijk zorgen voor een hogere gewasopbrengst. Het effect op waterkwaliteit is nog onduidelijk.,https://storage.googleapis.com/bbwp-maatregelen/Maatregel_G46.pdf,field,teeltmaatregel,1,1,1,1,1,1,1,1,0,0,0,0,0,0,0,0,0,0,0,0,0,0,0.25,0,1,1,1,1,0,0,0,0,0,0,0,13,,,0,,,,,,0,0,0,0,0,0,0,0,1,0,0,0,teeltmaatregel,0,0,0,0,0,0
,G47,G34,,Breng drempels aan in ruggenteelten,Drempels in ruggenteelten laten regenwater infiltreren op de plaats waar het valt en verminderen plasvorming en afspoeling naar sloten.,https://storage.googleapis.com/bbwp-maatregelen/Maatregel_G47.pdf,field,slootkantbeheer,1,1,1,1,1,1,1,1,0,0,0.5,1,0,0,0,0,0,0,0,0,1.5,1,0.25,0.67,1,1,1,1,0,0,0,0,0,0,0,46,,,0,,,,,,0,0,0,1,0,1,0,0,0,0,0,0,slootkantbeheer,1,1,1,1,1,0.83
,G5,G4,,Onderbemaling toepassen in veenweidegebied,"Door het toepassen van onderbemaling staat de grondwaterstand lager, en wordt er extra fosfaat vastgelegd. Veenafbraak wordt echter versneld.",https://storage.googleapis.com/bbwp-maatregelen/Maatregel_G5.pdf,field,slootkantbeheer,1,1,1,1,1,0,0,0,1,0,0,0,0,0,0,0,0,0,0,0,0.5,-0.5,0.833333333,-2.38,2,1,1,1,0,0,0,0,0,0,0,51,,,0,,,,,,1,1,1,1,1,1,1,0,1,0,0,1,slootkantbeheer,1,1,1,1,1,0.5
,G57,G44,,"Hergebruik gewasresten (stro, blad) op het bedrijf","Door een hoger organischstofgehalte kunnen meer nutrienten worden gebonden, waardoor het risico op uit- en afspoeling van nutrienten wordt beperkt.",https://storage.googleapis.com/bbwp-maatregelen/Maatregel_G57.pdf,farm,bodemverbetering,1,1,1,1,1,1,1,1,1,0,0,0,0,0,0,0,0,0,0,0.75,0,0.5,1.33,0,1,1,1,1,0,0,0,0,0,0,0,34,,,0,,,,,,1,1,1,1,1,1,1,1,1,1,1,1,bodemverbetering,1,1,1,1,1,0.58
,G69BWP6,G58,,Randdam i.c.m. bezinkgreppel om perceel,"Een grondwal rondom het perceel in het winterhalfjaar voorkomt dat water, bodemdeeltjes en nutrienten oppervlakig afstromen.",https://storage.googleapis.com/bbwp-maatregelen/Maatregel_G69BWP6.pdf,field,slootkantbeheer,1,1,1,1,1,1,1,1,0,0,0.5,1,0,0,0,0,0,0,0,0,0.5,0.5,0.5,0.75,1,1,1,1,0,0,0,0,0,0,0,46,,,0,,,,,,1,1,1,1,1,1,1,0,1,0,1,1,slootkantbeheer,1,1,1,1,1,0.5
,G6BWP2,G5,,Water vasthouden in kavelsloot door een afsluiter op een duiker,Water vasthouden in een kavelsloot door,,field,watervasthouden,1,1,1,1,1,1,1,1,0,0,0,0,0,0,0,-0.5,0,0,0,0.5,0,0.5,0.5,1.81,2,1,1,1,0,0,0,0,0,0,0,56,,,0,,,,,,1,1,1,1,1,1,1,1,1,0,1,1,drainage,1,1,1,1,1,1.5
,G7,G6,EG9,Hoog zomerpeil veengrasland,Handhaven of creëren van hoog waterpeil in combinatie met waterinfiltratiesystemen op veengrasland in de zomer.,https://www.puntensysteemecoregeling.nl/wp-content/uploads/2022/11/eco-activiteit-hoog-zomerpeil-veengrasland.pdf,field,watervasthouden,1,1,1,1,1,0,0,0,1,0,0.25,0.75,0,0,0,0,0,0,0,0,0.25,0.5,1,2.63,2,0,1,1,15,10,5,5,15,300,0,50,score only,,0,0,0,1,1,0,1,1,0,0,0,0,0,1,1,1,1,1,klimaat||biodiversiteit||drainage,1,1,1,1,1,-0.5
,G80,G17,,Zuiveren van drainagewater (aan het uiteinde van de drain bij slootkant),Drainagewater kan een belangrijke bron zijn van fosfaat en nitraat naar het oppervlaktewater. Er zijn verschillende technieken ontwikkeld om deze nutrienten uit het drainagewater te verwijderen voordat ze in het oppervlaktewater terechtkomen.,https://storage.googleapis.com/bbwp-maatregelen/Maatregel_G19.pdf,field,slootkantbeheer,1,1,1,1,1,1,1,1,1,0,0.5,1,1,1,0,0,0,0,0,0,0.5,1,0,0,2,1,0,0,0,0,0,0,0,0,0,78,,,0,,,,,,1,1,1,1,1,1,1,1,1,1,1,1,slootkantbeheer,0,0,0,0,0,0
,G88,G60,,Afdammen van eindsloot,Door het afdammen van een eindsloot houdt u extra water vast en vergroot u de kansen voor de ontwikkeling van een diverse vegetatie in de sloot.,,field,slootkantbeheer,1,1,1,1,1,1,1,1,1,0,0,0,0,0,0,0,0,0,0,0,1,1,0.5,1.69,1.5,1,1,1,0,0,0,0,0,0,0,56,,,0,,,,,,1,1,1,1,1,1,1,1,1,1,1,1,slootkantbeheer,1,1,0.7,0.7,0.7,1.5
1,G86,G57,,Bijvoeding vee afstemmen op grasopname in de weide,Door het rantsoen van koeien af te stemmen op de hoeveelheid eiwitopname gedurende beweiding zorgt u voor minder ammoniakuitstoot en een andere mestkwaliteit. Hiermee stuurt u op een hogere bodembenutting van N en P.,,farm,precisiebemesting,1,0,0,0,0,1,1,1,1,0,0,0,0,0,0,0,0,0,0,1,0,0.5,1.5,0,1,1,1,1,0,0,0,0,0,0,0,68,,,0,,,,,,1,1,1,1,1,1,1,1,1,1,1,1,precisiebemesting,0,0,0,0,0,0
7,B142,,EG21,Natte teelten,Natte teelten,https://www.puntensysteemecoregeling.nl/wp-content/uploads/2022/11/eco-activiteit-natte-teelten.pdf,field,teeltmaatregel,1,1,0,0,0,0,0,0,1,0,0.5,1,0,0,0,0,0.25,0,0,0,-1.5,0,0,0,2,,1,1,10,10,5,5,10,1000,0,11,score only,both score and reward,0,0,0,1,1,0,0,0,0,0,0,0,0,1,0,0,0,0,klimaat||biodiversiteit||teeltmaatregel,0,0,0,0,0,0.5
8,G12BWP11,G11,,Zuinig beregenen door computergestuurde beregeningshaspel,"Een computergestuurde beregeningshaspel, voorzien van variabele oprolsnelheid, in te stellen zones, voor- en na-beregening. Hiermee is de watergift efficiënt en effectief, de watergeift over het perceel is zoals ingesteld.",https://storage.googleapis.com/bbwp-maatregelen/Maatregel_G12WP10.pdf,field,watervasthouden,1,1,1,1,1,1,1,1,0,0,0,0,0,0,0,0,0,0,0,1,0.25,0.5,0.67,0.38,2,1,1,1,0,0,0,0,0,0,0,58,,,0,,,,,,1,1,1,1,1,1,1,0,1,0,0,1,irrigatie,1,1,1,1,1,1.17
15,G20,G18,EB15,Vaste rijpaden,Teeltsysteem met vaste rijpaden,https://www.puntensysteemecoregeling.nl/wp-content/uploads/2022/11/eco-activiteit-vaste-rijpaden.pdf,field,bodemverbetering,1,1,1,1,1,1,1,1,1,0,0,0,0,0,0,0,0,0,0,1,1,1,1,0.38,2,1,1,1,4,10,6,0,0,85,0,30,,,0,1,0,0,0,0,0,0,1,1,1,1,1,0,1,0,1,1,bodemkwaliteit||bodemverbetering,1,1,1,1,1,1
16,G21,G19,,Terrassen aanleggen,"Door de aanleg van terrassen vermindert het risico op oppervlakkige afstroming en gaat minder van de vruchtbare grond, de nutrienten en de gewasbeschermingsmiddelen verloren.",https://storage.googleapis.com/bbwp-maatregelen/Maatregel_G21.pdf,field,slootkantbeheer,1,1,1,1,1,1,1,0,0,0,0.5,1,0,0,0,0,0,0,0,0,1.5,2,0.5,0.88,1,1,1,1,0,0,0,0,0,0,0,48,,,0,,,,,,0,1,1,1,1,1,1,0,1,0,1,1,slootkantbeheer,1,1,1,1,1,0.83
17,G49,G36,,Past sleepslangbemesting toe (bij voorkeur met lage bandendruk).,Het toepassen van sleepslangbemesting vermindert de bodemdruk en vermindert daarmee structuurschade.,https://storage.googleapis.com/bbwp-maatregelen/Maatregel_G49.pdf,field,bodemverbetering,1,1,1,1,1,1,0,1,1,0,0,0,0,0,0,0,0,0,0,0,0.5,0.75,0.83,0.06,1,1,1,1,0,0,0,0,0,0,0,33,,,0,,,,,,1,1,1,1,1,1,0,0,1,0,0,1,bodemverbetering,1,1,1,1,1,0.33
18,B163,G37,EB13A,Ondiepe grondbewerking - aandeel niet-kerende grondbewerking,Aandeel niet-kerende en/of ondiepe grondbewerking,https://www.puntensysteemecoregeling.nl/wp-content/uploads/2022/11/Eco-activiteit-ondiepe-grondbewerking.pdf,field,bodemverbetering,1,1,1,1,1,1,1,1,1,0,0,0,0,0,0,0,0,0,0,1,0.5,0.75,0.83,0.38,1,1,1,1,20,10,10,0,0,160,0,37,,,0,1,0,1,0,0,0,0,1,1,1,1,0,0,1,0,1,1,klimaat||bodemkwaliteit||bodemverbetering,1,1,1,1,1,0.92
18,G50,G37,EB13B,Ondiepe grondbewerking - aandeel ondiepe grondbewerking,Aandeel niet-kerende en/of ondiepe grondbewerking,https://www.puntensysteemecoregeling.nl/wp-content/uploads/2022/11/Eco-activiteit-ondiepe-grondbewerking.pdf,field,bodemverbetering,1,1,1,1,1,1,1,1,1,0,0,0,0,0,0,0,0,0,0,1,0.5,0.75,0.83,0.38,1,1,1,1,14,7,7,0,0,100,0,37,,,0,1,0,1,0,0,0,0,1,1,1,1,0,0,1,0,1,1,klimaat||bodemkwaliteit||bodemverbetering,1,1,1,1,1,0.92
19,G51,G38,,Voorkom insporing door gebruik lichtere machines met lagere bandenspanning,"De juiste bandenspanning (<0,8 bar) vermindert structuurschade door het tegengaan van verdichting. Als alternatief, gebruik lichtere machines en/of bewerk de bodem niet onder natte omstandigheden.",https://storage.googleapis.com/bbwp-maatregelen/Maatregel_G51.pdf,field,bodemverbetering,1,1,1,1,1,1,1,1,1,0,0,0,0,0,0,0,0,0,0,0.5,0.25,0.5,0.83,0.5,1,1,1,1,0,0,0,0,0,0,0,36,,,0,,,,,,1,1,1,1,1,1,0,0,1,0,1,1,bodemverbetering,1,1,1,1,1,0.92
20,G81,G39,,Bewerk grond haaks op de helling,"Contourbewerking vermindert het risico op oppervlakkige afstroming en gaat minder van de vruchtbare grond, de nutrienten en de gewasbeschermingsmiddelen verloren.",https://storage.googleapis.com/bbwp-maatregelen/Maatregel_G21.pdf,field,slootkantbeheer,1,1,1,1,1,1,1,1,0,0,0.5,1,0,0,0,0,0,0,0,0,0.5,1,0.5,0.75,1,1,1,1,0,0,0,0,0,0,0,48,,,0,,,,,,0,1,1,1,1,1,0,0,1,0,1,1,slootkantbeheer,1,1,1,1,1,0.83
21,G53,G40,,Gebruik diepwortelende grassoorten,"Wanneer grasland dieper wortelt, wordt het beschikbare water en nutrienten zoals stikstof (N) beter benut.",https://storage.googleapis.com/bbwp-maatregelen/Maatregel_G53.pdf,field,teeltmaatregel,1,1,1,1,1,1,1,1,1,0,0,0,0,0,0,0,0,0,0.5,1,0,0.75,1.5,0,1,1,1,1,0,0,0,0,0,0,0,13,,,0,,,,,,1,1,0,0,0,0,0,0,0,0,0,0,teeltmaatregel,0,0,0,0,0,1.5
22,B164,G41,EB8,Teelt van diepwortelende gewassen,Teelt van diepwortelende gewassen,https://www.puntensysteemecoregeling.nl/wp-content/uploads/2022/11/eco-activiteit-teelt-van-diepwortelende-gewassen.pdf,field,teeltmaatregel,0,1,1,1,1,1,1,1,1,0,0,0,0,0,0,0,0,0,0.5,1,0,0.75,1.5,0,1,1,1,1,5,5,5,0,0,155,0,13,score only,both score and reward,1,1,0,1,0,0,0,0,1,0,0,0,0,0,0,0,1,1,klimaat||bodemkwaliteit||teeltmaatregel,0,0,0,0,0,1.5
22,G54,G41,EB1,Teelt van rustgewassen als hoofdteelt,Teelt van rustgewassen als hoofdteelt,https://www.puntensysteemecoregeling.nl/wp-content/uploads/2022/11/eco-activiteit-teelt-van-rustgewassen-als-hoofdteelt.pdf,field,teeltmaatregel,1,1,1,1,1,1,1,1,1,0,0,0,0,0,0,0,0,0,0.5,1,0,0.75,1.5,0,1,1,1,1,8,8,8,3,3,83,0,13,score only,score only,1,1,0,1,0,0,0,0,1,1,1,1,0,0,1,0,0,1,klimaat||bodemkwaliteit||teeltmaatregel,0,0,0,0,0,1.5
23,G56,G43,,Egaliseer laagtes in percelen (natte delen opheffen),"Het egaliseren van een perceel, mits goed gedaan, verhoogt de productiecapaciteit door het opheffen van natte plekken.",https://storage.googleapis.com/bbwp-maatregelen/Maatregel_G56.pdf,field,bodemverbetering,1,1,1,1,1,1,1,1,1,0,0,0,0,0,0,0,0,0,0,0,-0.5,-0.5,0.83,-0.75,1,1,1,1,0,0,0,0,0,0,0,12,,,0,,,,,,1,1,1,1,1,1,1,0,1,0,1,1,bodemverbetering,1,1,1,1,1,0.75
24,G58,G45,EG10A,"Gebruik van ruige mest, compost etc. van eigen bedrijf","Gebruik van ruige mest, compost etc. van eigen bedrijf",https://www.puntensysteemecoregeling.nl/wp-content/uploads/2022/11/eco-activiteit-gebruik-van-ruige-mest-compost-etc.pdf,field,bodemverbetering,1,1,1,1,1,1,1,1,1,0,0.25,0.75,0,0,0,0,0,0,0,0.5,0,0.25,1,0.5,1,,1,1,0,10,5,0,5,115,0,35,score only,,0,1,0,0,1,0,1,1,1,1,1,1,1,0,1,0,0,1,bodemkwaliteit||biodiversiteit||bodemverbetering,1,1,1,1,1,0.83
25,B106,,,"Pas een gesloten systeem toe voor het vullen, doseren en intern reinigen van spuitapparatuur en verpakkingen.",ntb,,farm,erf,1,1,1,1,1,1,1,1,1,0,0,0,0,0,0,0,0,0,0,0,0,0,0,0,0,1,1,1,0,0,0,0,0,0,0,38,,,0,,,,,,1,1,1,1,1,1,1,1,1,1,1,1,erf,0,0,0,0,0,0
25,B139,,EG16C,"Soortenrijk productiegrasland - gras met minimaal 8 kruiden, waarvan minimaal 4 vlinderbloemigen","Soortenrijk productiegrasland - gras met minimaal 8 kruiden, waarvan minimaal 4 vlinderbloemigen",https://www.puntensysteemecoregeling.nl/wp-content/uploads/2022/11/eco-activiteit-soortenrijk-productiegrasland.pdf,field,teeltmaatregel,1,0,0,0,0,1,1,1,1,0,0,0,0,0,0,0,0,0,0,0,0,0,0,0,0,0,1,1,8,2,8,6,6,400,0,9,score only,,0,0,1,1,0,0,1,1,0,0,0,0,0,0,0,0,0,0,klimaat||waterkwaliteit||teeltmaatregel,0,0,0,0,0,0
27,E1,,,"Voorkom lekkage van mest-, compost- en voeropslag","Tijdens de opslag van mest, compost en voer kunnen er verliezen optreden naar grond en oppervlaktewater. Dit kan worden voorkomen door te zorgen voor een permanente afdekking, door extra stro onder de opslag, door de opslag niet volledig te vullen en aanwezige lekkages in wanden dicht te kitten.",,farm,erf,1,1,1,1,1,1,1,1,1,0.5,0.5,0.5,0,0,0,0,0,1,1,0,0.5,0.5,0,0,0.5,1,1,1,0,0,0,0,0,0,0,23,,,0,,,,,,1,1,1,1,1,1,1,1,1,1,1,1,erf,0,0,0,0,0,0
30,B101,,,"Pas gewasbeschermingsmiddelen toe met een laag risicoprofiel, indien mogelijk van natuurlijke oorsprong.",ntb,,field,gewasbescherming,0,1,1,1,1,1,1,1,1,0,0,0,0,0,0,0,0,0,0,0,0,0,0,0,0,1,1,1,0,0,0,0,0,0,0,74,,,0,,,,,,0,0,1,1,1,1,1,0,1,1,0,0,gewasbescherming,0,0,0,0,0,0
31,B102,,,Pas niet-chemische grondontsmetting toe door bijv. inundatie of teelt van tagetes.,ntb,https://agrarischwaterbeheer.nl/system/files/documenten/pagina/9._geintegreerde_onkruidbestrijding.pdf,field,gewasbescherming,0,1,1,1,0,1,1,1,1,0,0,0,0,0,0,0,0,0,0,0,0,0,0,0,0,1,1,1,0,0,0,0,0,0,0,3,,,0,,,,,,0,0,1,1,1,1,0,0,1,0,1,0,gewasbescherming,0,0,0,0,0,0
32,B103,,,"Pas biologische en/of natuurlijke bestrijding toe met speciale aandacht voor strokenteelt, (bloemrijke) akkerranden en groenbemesters voor het voorkomen van aaltjes en bodemgebonden ziekten en plagen.",ntb,,field,gewasbescherming,0,1,1,1,0,1,1,1,1,0,0,0,0,0,0,0,0,0,0,0,0,0,0,0,1,1,1,1,0,0,0,0,0,0,0,74,,,0,,,,,,0,0,1,1,1,1,0,0,1,0,0,0,gewasbescherming,0,0,0,0,0,0
33,B104,,EB19,Mechanische onkruidbestrijding (wiedeggen),Mechanische onkruidbestrijding (wiedeggen),https://www.puntensysteemecoregeling.nl/wp-content/uploads/2022/11/eco-activiteit-mechanische-onkruidbestrijding-wiedeggen.pdf,field,gewasbescherming,1,1,1,1,1,1,1,1,1,0,0,0,0,0,0,0,0,0,0,0,0,0,0,0,0,1,1,1,0,3,5,0,5,150,0,3,,,0,0,1,0,1,0,0,0,1,1,1,1,1,1,1,1,1,1,waterkwaliteit||biodiversiteit||gewasbescherming,0,0,0,0,0,0
34,B105,,EB17,Chemievrij onderwerken groenbemester,Chemievrij onderwerken groenbemester,https://www.puntensysteemecoregeling.nl/wp-content/uploads/2022/11/eco-activiteit-chemievrij-onderwerken-groenbemester.pdf,field,gewasbescherming,1,1,1,1,1,1,1,1,1,0,0,0,0,0,0,0,0,0,0,0,0,0,0,0,1,1,1,1,0,4,5,1,5,80,0,3,,,0,0,1,0,1,0,0,0,1,1,1,1,0,0,1,0,1,1,waterkwaliteit||biodiversiteit||gewasbescherming,0,0,0,0,0,0
34,B192,,EG17,Mechanisch onderwerken graszode,Mechanisch onderwerken graszode (chemievrij en niet branden),https://www.puntensysteemecoregeling.nl/wp-content/uploads/2022/11/eco-activiteit-mechanisch-onderwerken-graszode.pdf,field,gewasbescherming,1,1,1,1,0,1,1,1,1,0,0,0,0,0,0,0,0,0,0,0,0,0,0,0,1,0,1,1,2,5,8,2,1,105,0,3,,,0,1,1,0,0,0,1,1,1,0,0,0,0,0,0,0,1,0,bodemkwaliteit||waterkwaliteit||gewasbescherming,0,0,0,0,0,0
36,B107,,EB18,Precisie toepassing van gewasbeschermingsmiddelen,Precisie toepassing van gewasbeschermingsmiddelen,https://www.puntensysteemecoregeling.nl/wp-content/uploads/2022/11/eco-activiteit-precisie-toepassing-van-gewasbeschermingsmiddelen.pdf,field,gewasbescherming,1,1,1,1,1,1,1,1,1,0,0,0,0,0,0,0,0,0,0,0,0,0,0,0,0,1,1,1,0,3,5,1,5,300,0,40,,,0,0,1,0,1,0,0,0,1,1,1,1,1,1,1,1,1,1,waterkwaliteit||biodiversiteit||gewasbescherming,0,0,0,0,0,0
37,B108,,,Gebruik spuittechnieken met hogere driftreductie dan wettelijk vereist.,ntb,https://agrarischwaterbeheer.nl/system/files/documenten/pagina/4._driftreducerende_spuittechnieken.pdf,farm,bedrijf,0,1,1,1,1,1,1,1,1,0,0,0,0,0,0,0,0,0,0,0,0,0,0,0,0,1,1,1,0,0,0,0,0,0,0,40,,,0,,,,,,1,1,1,1,1,1,1,1,1,1,1,1,bedrijf,0,0,0,0,0,0
39,G1,G1,,"Beweiden optimaliseren (bijv. strip grazen, kort omweiden, nieuw NL weiden)",Draagkracht in de zode is belangrijk voor een goede benutting van weidegras. Beweidingsonderzoek laat zien dat de draagkracht hoger is bij het beweidingsysteem kurzrasen gevolgd door de beweidingsystemen roterend standweiden en stripgrazen.,https://storage.googleapis.com/bbwp-maatregelen/Maatregel_G1.pdf,field,teeltmaatregel,1,0,0,0,0,1,1,1,1,0,0,0,0,0,0,0,0,0,0,0.5,0,0.5,0.5,0,1,1,1,1,0,0,0,0,0,0,0,8,,,0,,,,,,1,1,0,0,0,0,0,0,0,0,0,0,teeltmaatregel,0,0,0,0,0,0.25
40,B131,G2,EG7B,Instandhouding van blijvend/langjarig grasland - 11-15 jaar,Instandhouding van blijvend/langjarig grasland (alleen doorzaaien toegestaan),https://www.puntensysteemecoregeling.nl/wp-content/uploads/2022/11/eco-activiteit-instandhouden-blijvend-grasland.pdf,field,teeltmaatregel,1,0,0,0,0,1,1,1,1,0,0,0,0,0,0,0,0,0,0,2,0,1,1.17,0.44,1,0,1,1,11,11,8,4,4,150,0,7,,,0,1,0,1,0,0,1,1,0,0,0,0,0,0,0,0,0,0,klimaat||bodemkwaliteit||teeltmaatregel,1,1,1,1,1,0.5
40,B132,G2,EG7C,Instandhouding van blijvend/langjarig grasland - meer dan 15 jaar,Instandhouding van blijvend/langjarig grasland (alleen doorzaaien toegestaan): meer dan 15 jaar,https://www.puntensysteemecoregeling.nl/wp-content/uploads/2022/11/eco-activiteit-instandhouden-blijvend-grasland.pdf,field,teeltmaatregel,1,0,0,0,0,1,1,1,1,0,0,0,0,0,0,0,0,0,0,2,0,1,1.17,0.75,1,0,1,1,13,13,10,4,5,200,0,7,,,0,1,0,1,0,0,1,1,0,0,0,0,0,0,0,0,0,0,klimaat||bodemkwaliteit||teeltmaatregel,1,1,1,1,1,0.5
40,G3,G2,EG7A,Instandhouding van blijvend/langjarig grasland - 5-10 jaar,Instandhouding van blijvend/langjarig grasland (alleen doorzaaien toegestaan),https://www.puntensysteemecoregeling.nl/wp-content/uploads/2022/11/eco-activiteit-instandhouden-blijvend-grasland.pdf,field,teeltmaatregel,1,0,0,0,0,1,1,1,1,0,0,0,0,0,0,0,0,0,0,2,0,1,1.17,0.44,1,0,1,1,10,10,7,3,3,100,0,7,,,0,1,0,1,0,0,1,1,0,0,0,0,0,0,0,0,0,0,klimaat||bodemkwaliteit||teeltmaatregel,1,1,1,1,1,0.5
41,G68,G56,,Verlaag fosfaattoestand met negatief bodemoverschot,"Bij bodems met een hoge P-beschikbaarheid is fosfaatbemesting niet nodig. Om verliezen naar het watersysteem te beperken is het mogelijk om de fosfaattoestand te verlagen via een negatief fosfaat bodemoverschot. Dit vooral op percelen met een fosfaattoestand in de klasse Hoog en Ruim Voldoende (P-CaCl2> 3,4 mg P/kg of P-AL > 50 mg P2O5/100g)",https://storage.googleapis.com/bbwp-maatregelen/Maatregel_G68.pdf,field,precisiebemesting,1,1,1,1,1,1,1,1,1,0,1,2,0,0,0,0,0,0,0,0.5,0,1,1,0,2,1,1,1,0,0,0,0,0,0,0,66,,,0,,,,,,1,1,1,1,1,1,1,0,1,0,0,1,precisiebemesting,0,0,0,0,0,0
42,G40,G31,,Betere grasbedekking door maai- en/of graaslengte van 5 naar 7 cm te brengen,Het vergroten van de graslengte zorgt voor snellere hergroei waardoor het mogelijk is om op jaarbasis 5 tot 10% meer opbrengst te realiseren en het stikstof- en fosfor bodemoverschot kan worden verlaagd. Dit zorgt voor een betere waterkwaliteit.,https://storage.googleapis.com/bbwp-maatregelen/Maatregel_G40.pdf,field,bodemverbetering,1,0,0,0,0,1,1,1,1,0,0,0,0,0,0,0,0,0,0,1,0.5,0.5,0.5,0,1,1,1,1,0,0,0,0,0,0,0,31,,,0,,,,,,1,1,0,0,0,0,0,0,0,0,0,0,bodemverbetering,0,0,0,0,0,0
43,B147,G42,EB11A,Vanggewas-plus - langere duur van de instandhouding,"Inzaai van vanggewassen met meerwaarde: langere instandhouding, natuurvriendelijke samenstelling, combinatie met stoppel",https://www.puntensysteemecoregeling.nl/wp-content/uploads/2022/11/eco-activiteit-vanggewas-plus.pdf,field,teeltmaatregel,1,1,1,1,1,1,1,1,1,0,0,0,0,0,0,0,0,0,0,1.5,0.5,1,1,0,1,1,1,1,5,8,8,2,2,275,0,15,both score and reward,both score and reward,0,1,1,0,0,0,0,0,1,1,1,1,0,0,1,0,1,1,bodemkwaliteit||waterkwaliteit||teeltmaatregel,0,0,0,0,0,0.25
43,B148,G42,EB11B,Vanggewas-plus - natuurvriendelijke samenstelling van het mengsel,"Inzaai van vanggewassen met meerwaarde: langere instandhouding, natuurvriendelijke samenstelling, combinatie met stoppel",https://www.puntensysteemecoregeling.nl/wp-content/uploads/2022/11/eco-activiteit-vanggewas-plus.pdf,field,teeltmaatregel,1,1,1,1,1,1,1,1,1,0,0,0,0,0,0,0,0,0,0,1.5,0.5,1,1,0,1,1,1,1,3,6,6,3,5,150,0,15,both score and reward,both score and reward,0,1,1,0,0,0,0,0,1,1,1,1,0,0,1,0,1,1,bodemkwaliteit||waterkwaliteit||teeltmaatregel,0,0,0,0,0,0.25
43,B149,G42,EB11C,Vanggewas-plus - combinatie van vanggewas met graan- of hennepstoppel,"Inzaai van vanggewassen met meerwaarde: langere instandhouding, natuurvriendelijke samenstelling, combinatie met stoppel",https://www.puntensysteemecoregeling.nl/wp-content/uploads/2022/11/eco-activiteit-vanggewas-plus.pdf,field,teeltmaatregel,1,1,1,1,1,1,1,1,1,0,0,0,0,0,0,0,0,0,0,1.5,0.5,1,1,0,1,1,1,1,3,8,8,4,7,350,0,15,both score and reward,both score and reward,0,1,1,0,0,0,0,0,1,1,1,1,0,0,1,0,1,1,bodemkwaliteit||waterkwaliteit||teeltmaatregel,0,0,0,0,0,0.25
43,B165,G42,EB7B,Vroege oogst rooigewassen - rooien voor 1 november,Vroege oogst rooigewassen - rooien voor 1 november,https://www.puntensysteemecoregeling.nl/wp-content/uploads/2022/11/eco-activiteit-vroege-oogst-rooigewassen.pdf,field,teeltmaatregel,1,1,1,1,1,1,1,1,0,0,0,0,0,0,0,0,0,0,0,1.5,0,0.75,1,0,1,1,1,1,0,8,0,0,0,177,0,75,,,1,1,0,0,0,0,0,0,0,1,0,0,0,0,0,0,0,0,bodemkwaliteit||teeltmaatregel,0,0,0,0,0,0
43,G55,G42,EB7A,Vroege oogst rooigewassen - rooien voor 1 september,Vroege oogst rooigewassen - rooien voor 1 september,https://www.puntensysteemecoregeling.nl/wp-content/uploads/2022/11/eco-activiteit-vroege-oogst-rooigewassen.pdf,field,teeltmaatregel,1,1,1,1,1,1,1,1,0,0,0,0,0,0,0,0,0,0,0,1.5,0,0.75,1,0,1,1,1,1,5,5,5,2,3,548,0,75,,,1,1,1,0,0,0,0,0,0,1,0,0,0,0,0,0,0,0,bodemkwaliteit||waterkwaliteit||teeltmaatregel,0,0,0,0,0,0
44,B167,G46,EB6,Onderzaai vanggewas,Onderzaai vanggewas,https://www.puntensysteemecoregeling.nl/wp-content/uploads/2022/11/eco-activiteit-onderzaai-vanggewas.pdf,field,teeltmaatregel,1,1,1,1,1,1,1,1,1,0,0,0,0,0,0,0,0,0,0,1.5,0.5,1,1,0,1,1,1,1,5,3,3,2,2,150,0,44,,,1,0,1,1,0,0,0,0,1,0,0,0,0,0,1,0,1,0,klimaat||waterkwaliteit||teeltmaatregel,0,0,0,0,0,0.25
44,G59,G46,EG19,Teelt van maïskolvenschroot (MKS),Teelt van maïskolvenschroot (MKS),https://www.puntensysteemecoregeling.nl/wp-content/uploads/2022/11/eco-activiteit-teelt-van-maiskolvenschroot-MKS.pdf,field,teeltmaatregel,1,1,1,1,1,1,1,1,1,0,0,0,0,0,0,0,0,0,0,1.5,0.5,1,1,0,1,1,1,1,5,10,0,0,0,150,0,44,score only,both score and reward,0,1,0,1,0,0,0,0,1,1,1,1,0,0,1,0,1,1,klimaat||bodemkwaliteit||teeltmaatregel,0,0,0,0,0,0.25
45,G60,G47,EB12,Aandeel bouwland jaarrond groen,"Uw perceel ligt niet braak op 15 januari. Onder bedekking wordt verstaan een zichtbaar gewas of vanggewas, of gewasresten (bijvoorbeeld bevroren of geklepelde groenbemester en graanstoppel). Een bodem die bedekt is met een gewas is minder kwetsbaar voor weersinvloeden zoals extreme neerslag, droogte, UV straling of stuiven door wind. Dankzij bedekking van de bodem is er minder kans op veronkruiding, is er voedselaanbod voor het bodemleven, vinden insecten een habitat en gaat er geen grond of organische stof verloren door afspoeling of stuiven.",https://www.puntensysteemecoregeling.nl/wp-content/uploads/2022/11/eco-activiteit-aandeel-bouwland-jaarrond-groen.pdf,field,teeltmaatregel,1,1,1,1,1,1,1,1,1,0,0,0,0,0,0,0,0,0,0,1,0.5,0.5,1,0,1,1,1,1,4,6,6,2,2,250,0,77,both score and reward,both score and reward,1,1,1,0,0,0,0,0,1,1,1,1,1,0,1,0,1,1,bodemkwaliteit||waterkwaliteit||teeltmaatregel,0,0,0,0,0,0.58
46,B168,G48,EB5B,Toepassen mengteelt - drie of meer gewassen,Toepassen mengteelt: twee of meer gelijkwaardige gewassen als hoofdteelt,https://www.puntensysteemecoregeling.nl/wp-content/uploads/2022/11/eco-activiteit-toepassen-mengteelt.pdf,field,teeltmaatregel,1,1,1,1,1,1,1,1,1,0,0,0,0,0,0,0,0,0,0,1,0,1,0.67,0,1,1,1,1,3,7,5,3,2,250,0,14,,,1,1,1,0,0,0,0,0,1,1,1,0,1,0,1,0,1,1,bodemkwaliteit||waterkwaliteit||teeltmaatregel,0,0,0,0,0,0.75
46,G63,G48,EB5A,Toepassen mengteelt - twee gewassen,Toepassen mengteelt: twee of meer gelijkwaardige gewassen als hoofdteelt,https://www.puntensysteemecoregeling.nl/wp-content/uploads/2022/11/eco-activiteit-toepassen-mengteelt.pdf,field,teeltmaatregel,1,1,1,1,1,1,1,1,1,0,0,0,0,0,0,0,0,0,0,1,0,1,0.67,0,1,1,1,1,2,6,4,2,1,250,0,14,,,1,1,1,0,0,0,0,0,1,1,1,0,1,0,1,0,1,1,bodemkwaliteit||waterkwaliteit||teeltmaatregel,0,0,0,0,0,0.75
47,G65,G50,,Geen uitspoelingsgevoelige gewassen op uitspoelingsgevoelige gronden (grondwater),Gewassen met een hoog stikstofbodemoverschot zijn risicoteelten in uitspoelingsgevoelige gebieden.,https://storage.googleapis.com/bbwp-maatregelen/Maatregel_G65.pdf,field,teeltmaatregel,1,1,1,1,1,1,1,0,1,0,0,0,0,0,0,0,0,0,0,2,0,1,1.17,0,2,1,1,1,0,0,0,0,0,0,0,13,,,0,,,,,,1,1,1,1,1,1,1,0,0,0,0,1,teeltmaatregel,0,0,0,0,0,0
48,G66,G51,,Teel geen mais (maar bijvoorbeeld gras) op natte gronden (GWT <4).,Goed zicht op de bodemkwaliteit en de eigenschappen van percelen is de basis voor een duurzaam bodembeheer,https://storage.googleapis.com/bbwp-maatregelen/Maatregel_G66.pdf,field,teeltmaatregel,1,1,1,1,1,1,0,1,1,0,0.5,1,0,0,0,0,0,0,0,1,1.5,2,1.17,0,1,1,1,1,0,0,0,0,0,0,0,13,,,0,,,,,,0,0,0,0,0,0,0,0,1,0,0,0,teeltmaatregel,0,0,0,0,0,0.33
49,G82,G52,,"Najaarsbeweiding beperken, begin gelijk in het voorseizoen al te weiden","Door vroeg te starten met beweiding, wordt de N-benutting van urine en weidemest verhoogd",,field,teeltmaatregel,1,0,0,0,0,1,1,1,1,0,0,0,0,0,0,0,0,0,0,1,0.25,1,0.5,0,1.5,1,1,1,0,0,0,0,0,0,0,43,,,0,,,,,,1,1,0,0,0,0,0,0,0,0,0,0,teeltmaatregel,0,0,0,0,0,0.25
50,G83,G53,,Slootmaaisel van perceels- en kavelsloten verwerken en afvoeren,"Door na het slootschonen het maaisel te verwerken en af te voeren, lopen er minder nutrienten de sloot in, en kunt u het (laten) omzetten naar compost of bokashi",https://agrarischwaterbeheer.nl/system/files/documenten/boek/nuttig_toepassen_op_bedrijf_van_sloot-_en_bermmaaisel.pdf,field,slootkantbeheer,1,1,1,1,1,1,1,1,1,0,0,0,0,0,0,0,0,0,0,0,0.75,0.5,0.5,0,1,1,1,1,0,0,0,0,0,0,0,52,,,0,,,,,,1,1,1,1,1,1,1,1,1,1,1,1,slootkantbeheer,0,0,0,0,0,0.25
52,G23,G21,,Uitrijdperiode dierlijkse mest verkorten en later in voorjaar,Laat (in het voorjaar) toedienen van mest (eind maart) vermindert het risico van N- en P-afspoeling vooral in natte gebieden.,https://storage.googleapis.com/bbwp-maatregelen/Maatregel_G23.pdf,field,precisiebemesting,1,1,1,1,1,1,1,1,1,0,0,0,0,0,0,0,0,0,0,1,0.5,0.5,0.33,0,1,1,1,1,0,0,0,0,0,0,0,61,,,0,,,,,,1,1,1,1,1,1,1,0,1,0,0,1,precisiebemesting,0,0,0,0,0,0
53,G25,G22,,Dierlijke mest niet of nauwelijks in het najaar,Bij warm en vochtig weer in augustus kan 2 tot 4 weken eerder gestopt worden met bemesten van grasland.,https://storage.googleapis.com/bbwp-maatregelen/Maatregel_G25.pdf,field,precisiebemesting,1,0,0,0,0,1,1,1,1,0,0,0,0,0,0,0,0,0,0,1,1,1.5,1.17,0,1,1,1,1,0,0,0,0,0,0,0,62,,,0,,,,,,1,1,1,1,1,1,1,0,1,0,0,1,precisiebemesting,0,0,0,0,0,0
54,G27,G23,,Zorgt voor een bemesting die aansluit op de kwaliteit van de bodem. Gebruikt hiervoor een bodemanalyse en verdeelt de mest over de percelen conform het bemestingsadvies.,Het optimaal bemesten van gewassen door de mestgift zodanig te regelen dat op ieder tijdstip de gewenste hoeveelheid meststoffen voor het gewas beschikbaar is.,https://storage.googleapis.com/bbwp-maatregelen/Maatregel_G27.pdf,field,precisiebemesting,1,1,1,1,1,1,1,1,1,0,-0.5,0,0,0,0,0,0,0,0,1.5,1,1,1.33,0,1,1,1,1,0,0,0,0,0,0,0,63,,,0,,,,,,1,1,1,1,1,1,1,0,1,0,0,1,precisiebemesting,0,0,0,0,0,0
55,G29,G24,,Uitrijden van met water verdunde drijfmest,"Verdunnen van mest gaat ammoniakemissie tegen en kan, als het goed wordt uitgevoerd, het risico op afspoeling van mest doen afnemen.",https://storage.googleapis.com/bbwp-maatregelen/Maatregel_G29.pdf,farm,precisiebemesting,1,1,1,1,1,1,1,1,1,0,0,0,0,0,0,0,0,0,0,1,0,0.5,1.33,0,1,1,1,1,0,0,0,0,0,0,0,64,,,0,,,,,,1,1,1,1,1,1,0,0,1,0,0,1,precisiebemesting,1,1,1,1,1,0.17
56,G31,G25,,Beperk dierlijke mestgift en bemest eventueel bij met kunstmest,Het optimaal bemesten van gewassen door de mestgift zodanig te regelen dat op ieder tijdstip de gewenste hoeveelheid meststoffen voor het gewas beschikbaar is.,https://storage.googleapis.com/bbwp-maatregelen/Maatregel_G31.pdf,field,precisiebemesting,1,1,1,1,1,1,1,1,1,0,0,0,0,0,0,0,0,0,0,1,0.5,1,0.67,0,1,1,1,1,0,0,0,0,0,0,0,65,,,0,,,,,,1,1,1,1,1,1,1,0,1,0,0,1,precisiebemesting,0,0,0,0,0,-0.17
57,G34,G27,,Pas minder uitspoelingsgevoelige N-meststoffen toe (in voorjaar meststoffen met >75% ammonium),Gebruik in het voorjaar minerale meststoffen met een hoog ammoniumgehalte (>75%). Dat verlaagt het uitspoelingsrisico van N en geeft hogere grasopbrengsten.,https://storage.googleapis.com/bbwp-maatregelen/Maatregel_G34.pdf,field,precisiebemesting,1,0,0,0,0,1,1,1,1,0,0,0,0,0,0,0,0,0,0,1,0,0.5,1,0,1,1,1,1,0,0,0,0,0,0,0,67,,,0,,,,,,1,1,1,1,1,1,1,0,1,0,0,1,precisiebemesting,0,0,0,0,0,0
58,G35,G28,,Bijmesten met vloeibare N-meststoffen,Het optimaal bemesten van gewassen door de mestgift zodanig te regelen dat op ieder tijdstip de gewenste hoeveelheid meststoffen voor het gewas beschikbaar is.,https://storage.googleapis.com/bbwp-maatregelen/Maatregel_G35.pdf,field,precisiebemesting,1,1,1,1,1,1,1,1,1,0,0,0,0,0,0,0,0,0,0,1,0,0.5,1,0,1,1,1,1,0,0,0,0,0,0,0,67,,,0,,,,,,1,1,1,1,1,1,1,0,1,0,0,1,precisiebemesting,0,0,0,0,0,0
59,G36,G29,,Kunstmestgift afstemmen op mineralisatie door extra te bemonsteren op Nmin,Het optimaal bemesten van gewassen door de mestgift zodanig te regelen dat op ieder tijdstip de gewenste hoeveelheid meststoffen voor het gewas beschikbaar is.,https://storage.googleapis.com/bbwp-maatregelen/Maatregel_G36.pdf,field,precisiebemesting,1,1,1,1,1,1,1,1,1,0,0,0,0,0,0,0,0,0,0,1.5,0,0.5,2,0,1,1,1,1,0,0,0,0,0,0,0,63,,,0,,,,,,1,1,1,1,1,1,1,0,1,0,0,1,precisiebemesting,0,0,0,0,0,0
60,G37,G30,,Bemesten met kunstmest bij temperatuursom boven de 180 oC-dagen,Het optimaal bemesten van gewassen door de mestgift zodanig te regelen dat op ieder tijdstip de gewenste hoeveelheid meststoffen voor het gewas beschikbaar is.,https://storage.googleapis.com/bbwp-maatregelen/Maatregel_G37.pdf,field,precisiebemesting,1,1,1,1,1,1,1,1,1,0,0,0,0,0,0,0,0,0,0,1,0,0.5,1.17,0,1,1,1,1,0,0,0,0,0,0,0,70,,,0,,,,,,1,1,1,1,1,1,1,0,1,0,0,1,precisiebemesting,0,0,0,0,0,0
61,G43,G32,,Optimaliseer Ph- en Ca/Mg verhouding voor gewasproductie,pH bepaalt grotendeels de beschikbaarheid van nutrienten. De juiste pH is daarmee onmisbaar voor optimale gewasgroei.,https://storage.googleapis.com/bbwp-maatregelen/Maatregel_G43.pdf,field,bodemverbetering,1,1,1,1,1,1,1,1,1,0,0,0,0,0,0,0,0,0,0,1,0.5,0.5,1,0,1,1,1,1,0,0,0,0,0,0,0,32,,,0,,,,,,1,1,1,1,1,1,1,0,1,0,0,1,bodemverbetering,1,1,1,1,1,0.33
62,G48,G35,EG13,Inzet van baggerspuit,Er zijn twee prestatieniveaus. A: 25-50% van de sloten gebaggerd en B: 50-75% van de sloten gebaggerd.,https://www.puntensysteemecoregeling.nl/wp-content/uploads/2022/11/eco-activiteit-inzet-van-de-baggerspuit.pdf,field,precisiebemesting,1,1,1,1,1,0,0,1,1,0,0,0,0,0,0,0,0,0,0,0,0.5,0.5,0.5,0,1,0,0,0,0,0,25,0,15,1000,0,69,score only,,0,0,1,0,1,0,1,1,1,1,1,1,1,0,1,0,0,1,waterkwaliteit||biodiversiteit||precisiebemesting,0,0,0,0,0,0.17
63,B109,,,Gebruik een mestopslagvoorziening (mestkelder of foliebassin) met voldoende capaciteit om op het juiste moment te kunnen bemesten.,ntb,,farm,erf,1,0,0,0,0,1,1,1,1,0,0,0,0,0,0,0,0,0,0,1,1,1,0.33,0,1,1,1,1,0,0,0,0,0,0,0,39,,,0,,,,,,1,1,1,1,1,1,1,1,1,1,1,1,erf,0,0,0,0,0,0
67,B111,,,Teel meer vlinderbloemige gewassen.,ntb,,field,teeltmaatregel,1,1,1,1,0,1,1,1,1,0,0,0,0,0,0,0,0,0,0,0,0,0,0,0,0,1,1,1,0,0,0,0,0,0,0,13,,,0,,,,,,0,1,1,1,1,1,0,0,1,0,1,1,teeltmaatregel,0,0,0,0,0,0
68,G6BWP1,G5,,Water vasthouden in kavelsloot door LOP-stuw / verhogen duiker / slootbodem / dempen sloot,Door het plaatsen van (kleine) stuwtjes kan water langer vastgehouden worden. Hierdoor ontstaat een dynamisch peilbeheer.,https://storage.googleapis.com/bbwp-maatregelen/Maatregel_G5.pdf,field,watervasthouden,1,1,1,1,1,1,1,1,0,0,0,0,0,0,0,-0.5,0,0,0,0.5,0,0.5,0.5,2.13,2,1,1,1,0,0,0,0,0,0,0,56,,,0,,,,,,1,1,1,1,1,1,1,1,1,0,1,1,drainage,1,1,1,1,1,1.83
68,G6BWP3,G5,,Water vasthouden in kavelsloot door verhogen duiker,"",https://storage.googleapis.com/bbwp-maatregelen/Maatregel_G5.pdf,field,watervasthouden,1,1,1,1,1,1,1,1,0,0,0,0,0,0,0,-0.5,0,0,0,0.5,0,0.5,0.5,1.13,2,1,1,1,0,0,0,0,0,0,0,56,,,0,,,,,,1,1,1,1,1,1,1,1,1,0,1,1,drainage,1,1,1,1,1,1.83
68,G6BWP4,G5,,Bodemverhoging b- of c-waterlopen met minimaal 30% van bodemdiepte,Helpt significant als je de bodem significant verhoogt. Minimaal 30% verhoging,https://storage.googleapis.com/bbwp-maatregelen/Maatregel_G5.pdf,field,watervasthouden,1,1,1,1,1,1,1,1,0,0,0,0,0,0,0,-0.5,0,0,0,0.5,0,0.5,0.5,2.06,2,1,1,1,0,0,0,0,0,0,0,56,,,0,,,,,,1,1,1,1,1,1,1,1,1,0,1,1,drainage,1,1,1,1,1,1.83
68,G6BWP5,G5,,"Verhogen detailwatergangen (d.m.v. stuw, drempel, rijplaat, etc)​","",https://storage.googleapis.com/bbwp-maatregelen/Maatregel_G5.pdf,field,watervasthouden,1,1,1,1,1,1,1,1,0,0,0,0,0,0,0,-0.5,0,0,0,0.5,0,0.5,0.5,1.81,2,1,1,1,0,0,0,0,0,0,0,56,,,0,,,,,,1,1,1,1,1,1,1,1,1,0,1,1,drainage,1,1,1,1,1,1.83
68,G6BWP6,G5,,Stopzetten onderbemalingen (lokale laagtes)​,"",https://storage.googleapis.com/bbwp-maatregelen/Maatregel_G5.pdf,field,watervasthouden,1,1,1,1,1,1,1,1,0,0,0,0,0,0,0,-0.5,0,0,0,0.5,0,0.5,0.5,2.88,2,1,1,1,0,0,0,0,0,0,0,56,,,0,,,,,,1,1,1,1,1,1,1,1,1,0,1,1,drainage,1,1,1,1,1,1.83
68,G6BWP7,G5,,Aanleg gangbare drainage,"",https://storage.googleapis.com/bbwp-maatregelen/Maatregel_G5.pdf,field,watervasthouden,1,1,1,1,1,1,1,1,0,0,0,0,0,0,0,-0.5,0,0,0,0.5,0,0.5,0.5,-3,2,1,1,1,0,0,0,0,0,0,0,56,,,0,,,,,,1,1,1,1,1,1,1,1,1,0,1,1,erf,1,1,1,1,1,1.83
68,G6BWP8,G5,,dempen waterloop  (die ontwatert)  of greppel (zonder drain!)   bij GT <120 cm min maaiveld,"Dempen waterloop of greppel is niet wenselijk als zaksloot mogelijk is. Zaksloot zorgt wel voor vasthouden water en voorkomt oppervlakige afstroom. Dempen kan zorgen voor natte plekken, voor aanleg van drains",https://storage.googleapis.com/bbwp-maatregelen/Maatregel_G5.pdf,field,watervasthouden,1,1,1,1,1,1,1,1,0,0,0,0,0,0,0,-0.5,0,0,0,0.5,0,0.5,0.5,2.13,2,1,1,1,0,0,0,0,0,0,0,56,,,0,,,,,,1,1,1,1,1,1,1,1,1,0,1,1,drainage,1,1,1,1,1,1.83
69,G8BWP4,G7,,Opnieuw benutten van drainagewater,Drainagewater opnieuw benutten door bijvoorbeeld water opnieuw op een droger perceel te laten infiltreren,https://storage.googleapis.com/bbwp-maatregelen/Maatregel_G8BWP4.pdf,field,watervasthouden,1,1,1,1,1,1,0,1,1,0,0,0,0,1,0,0,0,0,0,0,0.5,0.5,1,0,2,1,1,1,0,0,0,0,0,0,0,57,,,0,,,,,,1,1,1,1,1,1,1,0,1,0,1,1,erf,0,0,0,0,0,1.83
70,G9BWP8,G8,,"Opslag hemelwater in bassin, vijver of plas",Opslag geeft ruimte om te beregenen uit een eigen opgevangen waterbassin.,https://storage.googleapis.com/bbwp-maatregelen/Maatregel_G9BWP8.pdf,farm,bedrijf,1,1,1,1,1,1,1,1,1,0,0,0,0,0,0,0,0,0,0,0,0.5,0.5,0.5,2.5,2,1,1,1,0,0,0,0,0,0,0,41,,,0,,,,,,1,1,1,1,1,1,1,1,1,1,1,1,bedrijf,1,1,1,1,1,1.33
71,G11aBWP3,G10,,Aanleg nieuwe regelbare/ peilgestuurde drainage,Door de peilhoogte te variëren kan de intensiteit van de drainage worden ingesteld. In droge perioden wordt water vastgehouden,,field,slootkantbeheer,1,1,1,1,1,1,0,1,0,0,0,0,0,0,0,0,0,0,0,0.5,0.5,1,0.67,-2,2,1,1,1,0,0,0,0,0,0,0,50,,,0,,,,,,1,1,1,1,1,1,1,0,1,0,1,1,slootkantbeheer,1,1,1,1,1,1.33
71,G11aBWP4,G10,,[Alleen in overleg met Waterschap] Aanleg nieuwe regelbare/ peil gestuurde drainage en infiltratie: NB dit is alleen mogelijk op locaties met voldoende water aanvoer uit oppervlaktewater,"Aanleg nieuwe regelbare/ peilgestuurde drainage, op lokaties met voldoende water aanvoer uit oppervlaktewater. en infiltratie). Uitgangssituatie is geen drainage.    infiltratiedrains. GLG>120  (oftewel, mag niet drainerend werken!)",,field,slootkantbeheer,1,1,1,1,1,1,0,1,0,0,0,0,0,0,0,0,0,0,0,0.5,0.5,1,0.67,2.88,2,1,1,1,0,0,0,0,0,0,0,50,,,0,,,,,,1,1,1,1,1,1,1,0,1,0,1,1,slootkantbeheer,1,1,0.7,0.7,0.7,1.33
72,G12BWP10,G11,,"Zuinig beregenen door beregeningssignaal, druppelbevloeiing of vergelijkbaar",Zuinig beregenen door het structureel toepassen van: beregeningssignaal of druppelbevloeiing/vergelijkbare zuinige technieken.,https://storage.googleapis.com/bbwp-maatregelen/Maatregel_G12WP10.pdf,field,watervasthouden,1,1,1,1,1,1,1,1,0,0,0,0,0,0,0,0,0,0,0,1,0.25,0.5,0.67,0.38,1,1,1,1,0,0,0,0,0,0,0,58,,,0,,,,,,1,1,1,1,1,1,1,0,1,0,0,1,irrigatie,1,1,1,1,1,1.67
72,G12BWP13,G11,,Zuinig Minder beregenen door druppelbevloeiing of vergelijkbaar  (debiet meting essentieel!),"",https://storage.googleapis.com/bbwp-maatregelen/Maatregel_G12WP10.pdf,field,watervasthouden,1,1,1,1,1,1,1,1,0,0,0,0,0,0,0,0,0,0,0,1,0.25,0.5,0.67,0.38,1,1,1,1,0,0,0,0,0,0,0,58,,,0,,,,,,1,1,1,1,1,1,1,0,1,0,0,1,irrigatie,1,1,1,1,1,1.67
73,G87,G59,,Sloot op diepte houden in veenweidegebied (minimaal 30 cm diep),Door sloten op diepte te houden verbetert u de kansen voor planten en dieren om zich te ontwikkelen. Slootdiepte is een van de belangrijkste sturende variabelen om de ecologische waterkwaliteit te verbeteren.,,field,slootkantbeheer,1,1,0,0,1,0,0,0,1,0,0,0,0,0,0,0,0,0,0,0,3,1,2.25,0,1,1,1,1,0,0,0,0,0,0,0,55,,,0,,,,,,1,1,1,1,1,1,1,1,1,1,1,1,slootkantbeheer,0,0,0,0,0,0
74,B112,,,Verhoog drainagebasis in detailwatergangen (niet beekdalen) om water langer vast te houden in vrij-afwaterende gebieden.,ntb,,field,watervasthouden,1,1,1,1,1,1,1,1,0,0,0,0,0,0,0.5,0,0,0,0,0.5,0,0,0,2.06,0,1,1,1,0,0,0,0,0,0,0,60,,,0,,,,,,1,1,1,1,1,1,1,0,1,1,1,1,drainage,1,1,1,1,1,1.5
75,G18,G16,,"Beperkt afspoeling door o.a. aanleg infiltratiegreppel, drempels en door het verruigen van ruggen.",Een infiltratiegreppel kan bij hoge neerslag intensiteit de afspoeling van oppervlaktewater met bodemdeeltjes en nutrienten afvangen voordat het in de sloot stroomt.,https://storage.googleapis.com/bbwp-maatregelen/Maatregel_G18.pdf,field,slootkantbeheer,1,1,1,1,1,1,1,1,1,0,0.5,1,0,0,0,0,-1,0,0,0,1.5,1,0.17,0.75,1,1,1,1,0,0,0,0,0,0,0,46,,,0,,,,,,1,1,1,1,1,1,1,0,1,0,1,1,slootkantbeheer,1,1,1,1,1,0.5
75,G18H1,G16,,Aanleg zaksloot / infiltratievijvers / Wadi,"bestaande sloot ombouwen tot zaksloot (geen afvoer)  : sloot die periodiek piekbuien afvoert. Het gaat om aanleg van een eerder niet bestaande sloot. 2. niet drainerend: snijdt niet aan op het grondwaterniveau, geen connectiviteit. Afvoer loos.  De experts wilden dit graag omschrijven als WADI.",https://storage.googleapis.com/bbwp-maatregelen/Maatregel_G18.pdf,field,slootkantbeheer,1,1,1,1,1,1,1,1,1,0,0.5,1,0,0,0,0,-1,0,0,0,1.5,1,0.17,1.69,1,1,1,1,0,0,0,0,0,0,0,46,,,0,,,,,,1,1,1,1,1,1,1,0,1,0,1,1,slootkantbeheer,1,1,0.7,0.7,0.7,0.5
76,B113,,,Past kunstmatige infiltratie toe bij gebiedseigen zoetwateroverschotten ter aanvulling van de zoetwatervoorraad.,ntb,,field,watervasthouden,1,1,1,1,1,1,1,1,0,0,0,0,0,0,0,0,0,0,0,0,0,0,0,1.63,0,1,1,1,0,0,0,0,0,0,0,51,,,0,,,,,,1,1,1,1,1,1,1,1,1,0,1,1,watervasthouden,1,1,0.7,0.7,0.7,1.5
77,B110,,,Stel landbouwgrond beschikbaar voor bovenwettelijke waterberging op perceel.,ntb,,field,watervasthouden,1,1,1,1,0,1,1,1,1,0,0.5,1,0,0,0,0,0,0,0,0,-1.5,0,-0.5,0.88,1,1,1,1,0,0,0,0,0,0,0,59,,,0,,,,,,1,1,1,1,1,1,0,0,1,1,1,1,watervasthouden,0,0.5,1,1,1,1
77,B110H1,,,verwijderen buisdrainage (of afdichten?),"",,field,watervasthouden,1,1,1,1,0,1,1,1,1,0,0.5,1,0,0,0,0,0,0,0,0,-1.5,0,-0.5,2.31,1,1,1,1,0,0,0,0,0,0,0,59,,,0,,,,,,1,1,1,1,1,1,0,0,1,1,1,1,drainage,1,1,1,1,1,1
77,B110H2,,,perceel van landbouwkundig geschikt  naar plas dras  omzetten (jaarrond),Deze maatregel is een effect van verhoging opp.water  of .. Of...   Om,,field,watervasthouden,1,1,1,1,0,1,1,1,1,0,0.5,1,0,0,0,0,0,0,0,0,-1.5,0,-0.5,2,1,1,1,1,0,0,0,0,0,0,0,59,,,0,,,,,,1,1,1,1,1,1,0,0,1,1,1,1,watervasthouden,0,0.5,1,1,1,1
78,BWP9,,,Gebruik restwater van derden,Het (her)gebruiken van (rest)water van derden dat anders via het oppervlaktewatersysteem zou zijn afgevoerd.,,farm,erf,1,1,1,1,1,1,1,1,1,0,0,0,0,0,0,0,0,0,0,1,1,1,1,0,1,1,1,1,0,0,0,0,0,0,0,22,,,0,,,,,,1,1,1,1,1,1,1,1,1,1,1,1,erf,0,0,0,0,0,1
79,G85,G55,,Tegengaan van oeverafkalving door vee in het veenweidegebied,Oeverafkalving zorgt voor verlies van waardevolle grond en zorgt voor hoge P-belasting van het oppervlaktewater. Zorgt voor een stabiele oever door de oever te beschermen.,,field,slootkantbeheer,1,0,0,0,0,0,0,0,1,0,0,0,0,0,0,0,0,0,0,0,1,1,2,0,1,1,1,1,0,0,0,0,0,0,0,54,,,0,,,,,,1,1,0,0,0,0,0,0,0,1,0,0,slootkantbeheer,0,0,0,0,0,0.1
80,G84,G54,EG14,Ecologisch slootschonen,Er zijn twee prestatieniveaus. A: 25-50% van de sloten gebaggerd en B: 50-75% van de sloten gebaggerd.,https://www.puntensysteemecoregeling.nl/wp-content/uploads/2022/11/eco-activiteit-ecologisch-slootschonen.pdf,field,slootkantbeheer,1,1,1,1,1,1,0,1,1,0,0,0,0,0,0,0,0,0,0,0,0.5,0.5,1.5,0,1,0,0,0,0,8,8,4,20,1667,0,53,score only,,0,0,1,0,1,0,1,1,1,1,1,1,1,1,1,1,1,1,waterkwaliteit||biodiversiteit||slootkantbeheer,0,0,0,0,0,0.1
82,G15,G13,,Natuurvriendelijke oevers en/of waterbergingsoever,De aanleg van natuurvriendelijke oevers vergroot de biodiversiteit in de sloot en vermindert de uit- en afspoeling van stikstof en fosfaat.,https://storage.googleapis.com/bbwp-maatregelen/Maatregel_G15.pdf,field,slootkantbeheer,1,1,1,1,1,1,1,1,1,0,0.5,1,0,0,0,0,0,0,0,0,1,1.5,-0.17,0,2,1,1,1,0,0,0,0,0,0,0,16,,,0,,,,,,1,1,1,1,1,1,1,1,1,1,1,1,slootkantbeheer,0,0,0,0,0,0.58
83,G17,G15,,Helofytenfilters nabij watergang,Een helofytenfilter zuivert het water dat via drains uit de bodem naar de sloot spoelt. De efficientie van het filter kan sterk varieren afhankelijk van perceel en slootkenmerken.,https://storage.googleapis.com/bbwp-maatregelen/Maatregel_G17.pdf,field,slootkantbeheer,1,1,1,1,1,1,1,1,1,0,0,0.5,1,0,0,0,0,0,0,0,1,1.5,0,0,2,1,1,1,0,0,0,0,0,0,0,45,,,0,,,,,,1,1,1,1,1,1,1,1,1,1,1,1,slootkantbeheer,0,0,0,0,0,0.08
84,G19,G9,,Zuiveren drainagewater (via omhullen van drains met zuiveringsmateriaal),Drainagewater kan een belangrijke bron zijn van fosfaat en nitraat naar het oppervlaktewater. Er zijn verschillende technieken ontwikkeld om deze nutrienten uit het drainagewater te verwijderen voordat ze in het oppervlaktewater terechtkomen.,https://storage.googleapis.com/bbwp-maatregelen/Maatregel_G19.pdf,field,slootkantbeheer,1,1,1,1,1,1,1,1,1,0,0.5,1,1,1,0,0,0,1,0,0,0.5,1,0,0,2,1,1,1,0,0,0,0,0,0,0,47,,,0,,,,,,1,1,1,1,1,1,1,0,1,0,1,1,slootkantbeheer,0,0,0,0,0,0
85,G64,G49,,Maak greppels afsluitbaar in combinatie met bezinkplaats,"Door greppels af te sluiten wordt meer water vastgehouden op het perceel waar het kan infiltreren, en het verlaagt de afspoeling van stikstof en fosfor. Beide kunnen erg hoog zijn na intensieve buien.",https://storage.googleapis.com/bbwp-maatregelen/Maatregel_G64.pdf,field,slootkantbeheer,1,1,1,1,1,1,1,1,1,0,0.5,1,0,0,0,0,0,0,0,0,0.5,0.5,0.25,0.75,1,1,1,1,0,0,0,0,0,0,0,46,,,0,,,,,,1,1,1,1,1,1,1,0,1,0,1,1,slootkantbeheer,1,1,1,1,1,0.25
